Metrics/EpRet,Metrics/EpCost,Metrics/EpLen,Train/Epoch,Train/TotalSteps,Train/StopIter,Train/KL,Train/LR,Loss/Loss_reward_critic,Loss/Loss_cost_critic,Loss/Loss_actor,Loss/Loss_proj_penalty,Time/Rollout,Time/Update,Time/Total,Value/RewardAdv,Value/CostAdv
-0.10433852225516622,141.98753968253968,1000.0,3,12288,3,0.03959759324789047,0.0002987704918032786,0.053655043710023165,31.3661509513855,0.0057019101921468975,9631.775695800781,6.668188571929932,0.11144852638244629,6.779703855514526,-6.5288219275316806e-09,1.4176869456150598e-07
-0.09693527377956351,145.2736902897584,1000.0,5,20480,2,0.07399538904428482,0.0002979508196721311,0.050630295649170876,22.296127319335938,0.01086605080490699,9402.470703125,6.557798385620117,0.0741424560546875,6.632063150405884,3.730755260278329e-09,1.7161474374915997e-07
-0.15522649799785693,141.38248709139714,1000.0,8,32768,1,0.02797704190015793,0.0002967213114754098,0.05147297059496244,21.64700186252594,0.008149487664923072,10731.162109375,6.67889142036438,0.03883218765258789,6.717924356460571,5.596132890417493e-09,5.969208416445326e-08
-0.20555950199099304,130.54685346151527,1000.0,10,40960,1,0.04019391909241676,0.0002959016393442623,0.046081169974058867,10.087006270885468,0.013052216148935258,12424.522705078125,6.370240926742554,0.03744029998779297,6.40779447555542,7.461510520556658e-09,5.596132890417493e-09
-0.3292256385989395,123.71084346120456,1000.0,13,53248,1,0.027851784601807594,0.00029467213114754107,0.04896001952389876,30.78931427001953,0.026656632544472814,6849.726460774739,6.69936203956604,0.04317760467529297,6.742664337158203,-1.4923021041113316e-08,5.969208416445326e-08
-0.44827425401480847,135.156,1000.0,15,61440,1,0.02628469467163086,0.00029385245901639357,0.04263458354398608,33.58849287033081,0.03552288142964244,8819.769592285156,6.839831829071045,0.03800344467163086,6.878036022186279,-3.730755260278329e-09,7.46151016528529e-08
-0.5507539142202621,133.278,1000.0,18,73728,2,0.07177522778511047,0.0002926229508196723,0.04790372774004936,23.04643088579178,0.03649902471806854,8148.0865478515625,6.688148736953735,0.08246302604675293,6.770818710327148,-3.730755260278329e-09,-3.730755082642645e-08
-0.5946966703355747,135.36200000000002,1000.0,20,81920,1,0.02548268437385559,0.00029180327868852477,0.042304348200559616,22.977694034576416,0.043797440361231565,13954.61328125,6.829901456832886,0.04875755310058594,6.878962993621826,-7.461510520556658e-09,4.66344403093899e-08
-0.5616548320819007,136.91000000000003,1000.0,23,94208,1,0.031040053814649582,0.00029057377049180347,0.04092330268273751,20.764873147010803,0.06017547814796368,13101.25634765625,6.274508953094482,0.038065195083618164,6.312672138214111,-1.1192265780834987e-08,7.46151016528529e-08
-0.563212012840776,139.17800000000003,1000.0,25,102400,1,0.02396877482533455,0.00028975409836065597,0.04137180373072624,17.130621194839478,0.05938343703746796,12327.669311523438,6.66365385055542,0.037093162536621094,6.701024770736694,9.326888150695822e-10,-1.790762524933598e-07
-0.572243807272377,126.03800000000001,1000.0,27,110592,2,0.0755343809723854,0.0002889344262295084,0.03712701261974871,27.011875867843628,0.10989025872549973,11944.323974609375,6.563689231872559,0.07540178298950195,6.639189720153809,9.326887706606612e-09,7.834586313038017e-08
-0.5728833571468924,121.676,1000.0,30,122880,2,0.03625844046473503,0.0002877049180327871,0.034528086660429835,12.689255396525065,0.0625790188787505,8781.600504557291,6.321536064147949,0.07248139381408691,6.394138336181641,-7.461510520556658e-09,-7.46151016528529e-08
-0.5464165501612676,112.14000000000001,1000.0,32,131072,1,0.021420389413833618,0.0002868852459016395,0.0311325341463089,12.60151712099711,0.062074937003975116,14822.287027994791,6.531280040740967,0.05675673484802246,6.588298797607422,-3.730755260278329e-09,1.0446115084050689e-07
-0.5309935455921858,105.454,1000.0,35,143360,2,0.023310145363211632,0.00028565573770491826,0.03298287574822704,15.308347960313162,0.04792217105083788,6999.2891845703125,6.4732208251953125,0.06646943092346191,6.53978967666626,1.0725921484322498e-08,-2.3876833665781305e-07
-0.4456468987835439,98.62,1000.0,37,151552,2,0.042777951806783676,0.0002848360655737707,0.03433307236991823,11.271015584468842,0.08893804319086485,15299.521301269531,6.5687384605407715,0.07892751693725586,6.648158550262451,-5.596132890417493e-09,-1.4923021041113316e-08
-0.4619174952446231,101.84,1000.0,40,163840,2,0.02866031602025032,0.00028360655737704935,0.03169793511430422,17.94710357983907,0.10354194947285578,13961.387858072916,6.444613218307495,0.06658267974853516,6.51122784614563,0.0,-7.461510520556658e-09
-0.3983352043901802,91.112,1000.0,42,172032,3,0.0399213545024395,0.0002827868852459018,0.03353015845641494,8.997618150711059,0.08440861352719367,12233.949658203124,6.410437107086182,0.10937619209289551,6.520254373550415,0.0,-2.2384531561669974e-08
-0.37399612550882144,90.46399999999998,1000.0,45,184320,2,0.026190614327788353,0.0002815573770491805,0.029349907068535686,16.78755025068919,0.07567232408716033,15104.299072265625,6.740739345550537,0.08258986473083496,6.823467969894409,1.2124954373859964e-08,2.984604208222663e-08
-0.4372958623697679,89.344,1000.0,47,192512,2,0.03917399048805237,0.0002807377049180329,0.02733090566471219,7.398116052150726,0.09073833201546222,19952.89990234375,6.775663137435913,0.08815693855285645,6.863860130310059,9.326887706606612e-09,-2.051915437562002e-08
-0.5045666359219155,83.794,1000.0,49,200704,2,0.043966785073280334,0.0002799180327868853,0.028782879235222936,8.065110228955746,0.13830206796410494,27514.396850585938,6.265775203704834,0.07153511047363281,6.337401866912842,-1.4923021041113316e-08,3.730755260278329e-09
-0.42075616684411454,68.786,1000.0,52,212992,2,0.0358165018260479,0.000278688524590164,0.028619453854237992,14.473801771799723,0.13806929547960559,20593.90938313802,6.794792652130127,0.06868481636047363,6.863573789596558,-3.730755260278329e-09,5.969208416445326e-08
-0.3542044118199549,72.234,1000.0,54,221184,2,0.05777088552713394,0.0002778688524590165,0.025596930412575603,12.740823984146118,0.06005348771577701,12429.13916015625,6.795265197753906,0.08573794364929199,6.881396055221558,1.8653776301391645e-09,0.0
-0.4682431096100883,72.876,1000.0,57,233472,2,0.020952284336090088,0.00027663934426229523,0.02483651228249073,12.521775211606707,0.11576483027809965,15048.687883649554,6.460973024368286,0.06653499603271484,6.527549982070923,-7.461510520556658e-09,0.0
-0.5282363800400145,74.18599999999999,1000.0,59,241664,2,0.05893232300877571,0.0002758196721311477,0.021686782012693584,8.266400754451752,0.10756379226222634,26988.710083007812,6.4365458488464355,0.07757043838500977,6.514204263687134,-9.326887706606612e-09,-2.984604208222663e-08
-0.5568269203509045,83.99600000000001,1000.0,62,253952,2,0.023832960054278374,0.00027459016393442643,0.023811004667853315,19.415234446525574,0.1159122574608773,18047.163614908855,6.763476371765137,0.08299946784973145,6.846926927566528,-1.3057643855063361e-08,-1.081919052126068e-07
-0.6415748946154606,91.47,1000.0,64,262144,2,0.020363645628094673,0.00027377049180327893,0.026808483712375163,28.03533010482788,0.10652846884913743,19762.49326171875,6.362378120422363,0.0736689567565918,6.436166286468506,3.730755260278329e-09,2.984604208222663e-08
-0.7199935088110647,105.25,1000.0,67,274432,3,0.03877507895231247,0.00027254098360655763,0.021445342013612388,23.736341404914857,0.08135946517577394,14247.6734375,6.4623472690582275,0.14550423622131348,6.60803484916687,9.326888150695822e-10,-1.1192265780834987e-08
-0.6033282348118483,115.95400000000002,1000.0,69,282624,2,0.03805739805102348,0.00027172131147541013,0.01952856881543994,14.990933227539063,0.06565911383368075,14767.57314453125,6.936748504638672,0.0693044662475586,7.0061235427856445,1.1192265780834987e-08,-2.331722015469495e-08
-0.5282591930622355,115.322,1000.0,71,290816,2,0.021082092076539993,0.0002709016393442626,0.01791866896674037,4.843130362033844,0.14340796805918216,26008.048828125,6.95015811920166,0.0652313232421875,7.015416145324707,-1.4923021041113316e-08,-1.1192265780834987e-08
-0.4810450418882003,102.86399999999999,1000.0,74,303104,2,0.02280978485941887,0.00026967213114754133,0.01988198727901493,11.013933948108129,0.10954721444951636,20454.107770647322,6.326072454452515,0.07297635078430176,6.3992555141448975,5.596132890417493e-09,-2.984604208222663e-08
-0.39211617989833003,102.154,1000.0,76,311296,2,0.02766680344939232,0.0002688524590163937,0.014788057713303715,16.61519879102707,0.08273026789538562,31293.130859375,6.84131383895874,0.0858159065246582,6.9272074699401855,-2.331721926651653e-09,-1.1938416832890653e-07
-0.5304214655094432,86.176,1000.0,79,323584,3,0.029218051582574844,0.0002676229508196725,0.01797781941584415,13.478344910674625,0.10243281929029359,17009.734076605902,6.79454779624939,0.10448431968688965,6.899059534072876,6.5288219275316806e-09,-8.207661750248008e-08
-0.5429811353064057,77.544,1000.0,81,331776,3,0.02005261927843094,0.000266803278688525,0.018468398234940002,15.989415407180786,0.06527887105143496,14201.211635044643,6.5173420906066895,0.10120010375976562,6.618651866912842,-4.663443853303306e-09,-8.95381262466799e-08
-0.6133961044800208,81.356,1000.0,84,344064,2,0.030914168804883957,0.0002655737704918036,0.020118522632401437,10.75022904574871,0.10731920623220503,19433.34976196289,6.217482089996338,0.07192254066467285,6.289466619491577,0.0,0.0
-0.6225168932879581,86.21399999999998,1000.0,86,352256,3,0.0382738895714283,0.0002647540983606561,0.016311897275348503,4.871293008327484,0.18440539063885808,27325.168375651043,6.2107977867126465,0.10013747215270996,6.311029434204102,3.730755260278329e-09,0.0
-0.6042521664629936,84.942,1000.0,89,364544,2,0.021958639845252037,0.00026352459016393487,0.016624391078948975,13.205361247062683,0.07905856680008583,19944.40982055664,6.468722343444824,0.06982636451721191,6.538858413696289,1.1192265780834987e-08,-2.5182597340744906e-08
-0.536740577780303,85.054,1000.0,91,372736,3,0.03203747421503067,0.0002627049180327874,0.020769765647128225,11.057965230941772,0.0457354300422594,26096.387109375,6.825974941253662,0.10242295265197754,6.928517580032349,-7.461510520556658e-09,-5.5961329792353354e-08
-0.5027383865493663,81.276,1000.0,93,380928,3,0.031492751091718674,0.0002618852459016398,0.015480602532625199,12.46794102191925,0.055995137454010545,21277.50419921875,6.61818528175354,0.12449431419372559,6.742707967758179,7.461510520556658e-09,4.476906312333995e-08
-0.5113277717969276,79.05600000000001,1000.0,96,393216,3,0.03567443788051605,0.0002606557377049185,0.016736914274386235,16.673548407024807,0.14444386622765,24957.891764322918,6.728951930999756,0.133012056350708,6.862076282501221,2.2384531561669974e-08,-3.730755082642645e-08
-0.5084276557657111,77.85600000000001,1000.0,98,401408,3,0.02794341742992401,0.0002598360655737709,0.014990528385775784,5.658915579319,0.14832896226046918,25624.227701822918,6.302713871002197,0.12129759788513184,6.424266338348389,0.0,-1.1192265780834987e-08
-0.524704281290955,75.95599999999999,1000.0,101,413696,3,0.028018848970532417,0.0002586065573770496,0.015754843570498958,16.094851268662346,0.09102433493050437,18952.014051649305,6.5451295375823975,0.09933948516845703,6.64453649520874,1.8653775413213225e-08,-1.4923021041113316e-08
-0.4545550593249715,79.23,1000.0,103,421888,3,0.029534675180912018,0.0002577868852459021,0.012473601016349025,8.778760484286718,0.1012297464767471,20545.097516741072,6.240082025527954,0.11945080757141113,6.359652519226074,1.3057643855063361e-08,-1.4923021041113316e-08
-0.6701532297825039,82.516,1000.0,106,434176,4,0.02460259385406971,0.00025655737704918075,0.013735028936273673,20.80755043029785,0.018108864029107444,12884.517289595171,6.522519588470459,0.1491713523864746,6.671736240386963,8.394199113581635e-09,-1.1938416832890653e-07
-0.6766892525434322,95.96,1000.0,108,442368,2,0.04017941281199455,0.0002557377049180332,0.014420173550024628,23.387872314453126,0.07348580295220017,25821.68212890625,6.837932586669922,0.07015204429626465,6.908283948898315,1.8653776301391645e-09,-2.984604208222663e-08
-0.7105038138194708,110.106,1000.0,111,454656,3,0.023565450683236122,0.00025450819672131195,0.013249785319203511,17.612528443336487,0.07739609404234216,21944.596618652344,6.52151346206665,0.09111547470092773,6.612657308578491,-7.461510520556658e-09,-4.476906312333995e-08
-0.7505885235546107,112.36599999999999,1000.0,113,462848,3,0.028689876198768616,0.00025368852459016445,0.013215741918732723,9.10203621784846,0.10406952483269076,24562.651774088543,6.300887584686279,0.1165626049041748,6.417788743972778,-7.461510520556658e-09,-2.984604208222663e-08
-0.7884271936977922,107.71399999999998,1000.0,115,471040,3,0.020266368985176086,0.0002528688524590169,0.010464434356739124,5.3777985374132795,0.09989955575050165,22371.5185546875,6.499751329421997,0.1267094612121582,6.6264989376068115,0.0,5.2230575420253444e-08
-0.70496599596278,99.10400000000001,1000.0,118,483328,4,0.02944272942841053,0.00025163934426229565,0.012616441867846464,15.894077147756304,0.03314963514899968,12339.185093470982,6.804779767990112,0.16177821159362793,6.966602802276611,1.8653776301391645e-09,-1.4923021041113316e-08
-0.6366363251664973,89.64,1000.0,120,491520,4,0.03141919896006584,0.00025081967213114815,0.014890842983732,8.546310812234879,0.06663222928182222,14885.697509765625,6.86569881439209,0.1312544345855713,6.997026443481445,-3.730755260278329e-09,1.4923021041113316e-08
-0.5345262615796237,85.22800000000001,1000.0,123,503808,4,0.02978200651705265,0.0002495901639344269,0.012056886493651704,11.030199256810276,0.08826719766313379,21495.457919034092,6.707387208938599,0.1377089023590088,6.845299482345581,-7.461510520556658e-09,2.2384531561669974e-08
-0.40430939784136477,78.332,1000.0,125,512000,3,0.030360139906406403,0.00024877049180327935,0.010711801843717695,6.975236296653748,0.7457035893399734,18470.85185546875,6.648103952407837,0.11082267761230469,6.758947372436523,7.461510520556658e-09,3.730755082642645e-08
-0.3820010976149178,77.22,1000.0,128,524288,4,0.030956527218222618,0.0002475409836065581,0.011944249330554157,9.489471274614335,0.10089603656670079,24601.870458984376,6.654065847396851,0.17740440368652344,6.831931829452515,-4.663443853303306e-09,0.0
-0.36036614731490146,77.432,1000.0,130,532480,4,0.02928975410759449,0.0002467213114754106,0.011965428449911997,9.266432598233223,0.13308923627482727,18438.79754638672,6.447040796279907,0.13211750984191895,6.579233884811401,-1.1192265780834987e-08,2.2384531561669974e-08
-0.41543391552238285,75.47,1000.0,133,544768,3,0.030710702762007713,0.0002454918032786893,0.011941520518369296,11.035882223736156,0.14106925481676377,22218.24822443182,6.583475112915039,0.09393644332885742,6.677456617355347,-1.8653775413213225e-08,2.984604208222663e-08
-0.4373674557428814,72.60399999999998,1000.0,135,552960,4,0.032534193247556686,0.0002446721311475418,0.011643326171906665,15.38363167643547,0.09604209748795256,23010.958709716797,6.648972749710083,0.1435685157775879,6.792627811431885,0.0,1.4923021041113316e-08
-0.5126315531456509,80.532,1000.0,137,561152,4,0.027524417266249657,0.00024385245901639423,0.009247114765457809,13.878684103488922,0.08532943777390756,24015.222045898438,6.8074328899383545,0.1711888313293457,6.978652477264404,4.663444075347911e-10,3.730755082642645e-08
-0.48638799236414876,92.34599999999999,1000.0,140,573440,4,0.02576994150876999,0.0002426229508196729,0.013621697357545296,18.880612631638844,0.09022172359982505,22307.508382161457,6.455673694610596,0.12853145599365234,6.58428430557251,1.1192265780834987e-08,-5.969208416445326e-08
-0.4905660430061302,102.194,1000.0,142,581632,3,0.023028124123811722,0.00024180327868852537,0.010727072001567908,7.668905292238508,0.07101084849065435,22300.782575334822,6.739501714706421,0.10593700408935547,6.845503807067871,2.2384531561669974e-08,0.0
-0.5635323337242022,94.652,1000.0,145,593920,3,0.026791492477059364,0.00024057377049180407,0.009883164809170094,8.692940879951824,0.08815490920096636,26160.536354758522,6.3922035694122314,0.11488127708435059,6.507447242736816,-3.730755260278329e-09,2.2384531561669974e-08
-0.5811060831288875,89.74600000000001,1000.0,147,602112,3,0.02232467196881771,0.00023975409836065652,0.012081295193638653,11.05104249715805,0.0414881311977903,10544.031656901041,6.697292804718018,0.11326074600219727,6.810629606246948,1.1192265780834987e-08,0.0
-0.5841093310984278,106.91199999999999,1000.0,150,614400,3,0.024535132572054863,0.0002385245901639352,0.013618929185516512,26.14301021893819,0.05372237949632108,14063.588073730469,6.42042088508606,0.09863424301147461,6.519107341766357,-5.596132890417493e-09,0.0
-0.6897304291403528,107.36200000000001,1000.0,152,622592,2,0.03873050957918167,0.00023770491803278766,0.011826764966826886,7.979815095663071,0.04841296805534512,18620.89910888672,6.401404857635498,0.07908868789672852,6.480663776397705,-1.4923021041113316e-08,-7.461510520556658e-09
-0.65512932839905,100.79599999999999,1000.0,155,634880,3,0.03299091011285782,0.00023647540983606636,0.012019237185913053,13.600913865999742,0.04197688144631684,17003.151877663353,6.743399620056152,0.09784579277038574,6.84127140045166,1.1192265780834987e-08,-2.984604208222663e-08
-0.5048966942805782,107.75,1000.0,157,643072,5,0.027367714792490005,0.0002356557377049188,0.009303946932777762,12.396102547645569,0.04991082740016282,16935.482421875,6.754706382751465,0.16969823837280273,6.924501657485962,-1.8653776301391645e-09,0.0
-0.5030281329216765,120.33600000000001,1000.0,159,651264,4,0.028634827584028244,0.00023483606557377125,0.009573077433742583,12.363559433392115,0.128988430602476,18821.41231863839,6.451779127120972,0.14455866813659668,6.596770763397217,0.0,3.730755260278329e-09
-0.5764017129409124,95.126,1000.0,162,663552,5,0.02579060010612011,0.00023360655737704992,0.011314720342246195,11.573385914166769,0.033629983425877676,23387.164021809895,6.118791341781616,0.19749832153320312,6.316315412521362,1.3990332226043733e-09,-7.461510520556658e-09
-0.5163204490101458,79.68,1000.0,164,671744,4,0.029022011905908585,0.00023278688524590237,0.007596388775190073,3.6967426112719943,-0.010485354860845422,21432.838797433036,6.270478963851929,0.14214205741882324,6.412699460983276,-1.1192265780834987e-08,-4.476906312333995e-08
-0.5362699488397499,69.71000000000001,1000.0,167,684032,5,0.026713980361819267,0.00023155737704918107,0.008497797418385744,9.98643362124761,0.0007401050844540199,24515.920166015625,6.326785564422607,0.18853092193603516,6.515568494796753,7.461510520556658e-09,-7.088434728075299e-08
-0.5972151376867291,77.368,1000.0,169,692224,3,0.0320720337331295,0.00023073770491803354,0.006817635148763657,20.819834142923355,0.028950198538950644,15459.563995361328,6.410266399383545,0.10462594032287598,6.515093803405762,-1.4923021041113316e-08,1.4923021041113316e-08
-0.6819684156570993,80.46799999999999,1000.0,172,704512,4,0.023127414286136627,0.0002295081967213122,0.010808914977436265,14.237060368061066,0.07333706119485821,19211.342203776043,6.6466968059539795,0.14043402671813965,6.787531852722168,7.461510520556658e-09,-3.730755082642645e-08
-0.6325499013059904,82.978,1000.0,174,712704,4,0.02671119198203087,0.00022868852459016466,0.008036032624659128,5.697080135345459,0.13226133433636278,17169.43197631836,6.563551187515259,0.13251042366027832,6.696167707443237,-7.461510520556658e-09,7.461510520556658e-09
-0.6746492330298992,82.516,1000.0,177,724992,4,0.031197132542729378,0.00022745901639344333,0.009197680479181665,11.108681163617543,5.997657891429428,19432.671491350447,6.658623695373535,0.13604140281677246,6.794773817062378,2.331721926651653e-09,-2.984604208222663e-08
-0.6673236927539115,96.90200000000002,1000.0,179,733184,6,0.022118769586086273,0.00022663934426229578,0.010501393794336102,15.702843622727828,-0.0030871831854297357,14960.832231001421,6.802576303482056,0.24805712699890137,7.0507283210754395,2.7980664452087467e-09,-4.476906312333995e-08
-0.7105060840147628,97.36399999999999,1000.0,181,741376,4,0.03199509531259537,0.00022581967213114822,0.009636574506293983,12.398014378547668,0.024177761597093193,18579.543823242188,6.570635795593262,0.16434931755065918,6.735103607177734,7.461510520556658e-09,2.2384531561669974e-08
-0.7038593327722888,85.414,1000.0,184,753664,6,0.02765294536948204,0.0002245901639344269,0.01348981934133917,13.675839388370514,1.5850437752669677,17459.195849609376,6.896028518676758,0.22444653511047363,7.12056040763855,7.461510520556658e-09,-2.984604208222663e-08
-0.7832626603169195,91.38399999999999,1000.0,186,761856,5,0.02476785145699978,0.00022377049180327937,0.008649402798619121,8.633157908916473,0.06329012890346349,18875.72060546875,6.800865411758423,0.19959402084350586,7.000532388687134,7.461510520556658e-09,0.0
-0.8390911322890826,92.894,1000.0,189,774144,3,0.02217704802751541,0.00022254098360655807,0.008825567135188197,8.363934595670019,0.05829235529251621,20480.293003627234,6.5612473487854,0.11280703544616699,6.674201488494873,-1.2124954373859964e-08,-7.461510520556658e-09
-0.9674822068830713,83.986,1000.0,191,782336,3,0.028173334896564484,0.00022172131147541051,0.00958588403383536,10.43903751032693,0.10679181016582463,21460.939383370536,6.700567245483398,0.09605002403259277,6.796752452850342,-4.663443853303306e-09,1.4923021041113316e-08
-0.8339953123814574,69.584,1000.0,194,794624,3,0.037337228655815125,0.00022049180327868918,0.010299890979447147,10.526836839589206,0.08917260961607099,21400.380215731533,6.6515562534332275,0.1463024616241455,6.797952890396118,-9.326887706606612e-09,-3.5442173640376495e-08
-0.7134962589847982,68.426,1000.0,196,802816,5,0.025631239637732506,0.00021967213114754166,0.009225107315513823,9.516511466768053,0.06826103455387056,15512.750244140625,6.456423282623291,0.22068119049072266,6.67729377746582,9.326888150695822e-10,2.2384531561669974e-08
-0.5579027952853682,65.542,1000.0,199,815104,8,0.022587645798921585,0.00021844262295082033,0.008544872085062357,9.434274838520931,0.030226520099229395,22837.32286658654,6.679540395736694,0.3202323913574219,6.999796390533447,-1.4923021041113316e-08,2.2384531561669974e-08
-0.4711431373616759,72.066,1000.0,201,823296,7,0.025205213576555252,0.0002176229508196728,0.00689219161202865,9.626325181552343,-0.03875437791326216,29556.82840401786,6.45993709564209,0.202103853225708,6.662138938903809,7.461510520556658e-09,3.9172931565190083e-08
-0.3059403454275299,71.028,1000.0,203,831488,5,0.022709036245942116,0.00021680327868852525,0.005309863400179892,3.4416495501995086,0.008017941273283213,19556.972119140624,6.4176530838012695,0.23022842407226562,6.64810585975647,-7.461510520556658e-09,-5.2230575420253444e-08
-0.42521963137169944,67.474,1000.0,206,843776,6,0.022636549547314644,0.00021557377049180392,0.009860068194878597,5.260967148343722,0.1428086452651769,15822.139208984376,7.197912693023682,0.2304391860961914,7.42855978012085,7.461510520556658e-09,2.4249908747719928e-08
-0.4568722059699583,59.114,1000.0,208,851968,5,0.02034909836947918,0.0002147540983606564,0.008441136153932247,6.589557935794194,0.13998744697568732,17018.163519965277,6.64698052406311,0.1889946460723877,6.836044549942017,-1.4923021041113316e-08,1.8653776301391645e-09
-0.5262177018960019,56.722,1000.0,211,864256,5,0.02291569486260414,0.00021352459016393507,0.009717657687500693,10.925552615752586,95.17100897845991,22354.252478966348,6.257242441177368,0.15618038177490234,6.413520097732544,7.461510520556658e-09,6.715359290865308e-08
-0.5329453597636337,52.15400000000001,1000.0,213,872448,7,0.025201642885804176,0.0002127049180327875,0.008195023017469794,6.3271589279174805,0.06332113354583271,16824.072998046875,6.696213722229004,0.23285579681396484,6.929340600967407,1.1192265780834987e-08,0.0
-0.6006704682464313,54.524,1000.0,216,884736,5,0.04194987192749977,0.00021147540983606618,0.008899312099226965,10.885617409761135,0.046051673752327375,13801.242657001201,6.212198495864868,0.17013311386108398,6.382418632507324,-1.8653775413213225e-08,2.2384531561669974e-08
-0.5756198908017077,58.362,1000.0,218,892928,5,0.027458349242806435,0.00021065573770491863,0.007798989051176856,7.298722778757413,-0.003934822512140575,17522.953491210938,6.533697128295898,0.175795316696167,6.709547519683838,2.7980664452087467e-09,2.984604208222663e-08
-0.5671394276496008,63.572,1000.0,221,905216,7,0.020481355488300323,0.0002094262295081973,0.010033935634419322,13.365772704283396,0.0284646800699799,19087.91892903646,6.5495734214782715,0.2370588779449463,6.787008285522461,-1.678839822716327e-08,2.984604208222663e-08
-0.6201099746849297,72.686,1000.0,223,913408,6,0.020118914544582367,0.00020860655737704978,0.009518215406893028,14.972750080956352,-0.0035976640647277236,13327.647081163195,6.369046449661255,0.2783169746398926,6.6474385261535645,-1.4923021041113316e-08,3.1711419268276586e-08
-0.6244256396995161,80.61399999999999,1000.0,225,921600,5,0.020715828984975815,0.00020778688524590222,0.006847519635422421,12.29290805544172,-0.02250892560030999,12685.638288225446,6.74257493019104,0.19394969940185547,6.93656063079834,-1.1192265780834987e-08,-1.4923021041113316e-08
-0.6105017389952604,84.712,1000.0,228,933888,3,0.025000790134072304,0.0002065573770491809,0.009729760869119603,10.009586380078243,0.07274720048455773,22832.287015474758,6.3650383949279785,0.12140631675720215,6.486581802368164,-2.2384531561669974e-08,1.4923021041113316e-08
-0.5917391240911456,90.238,1000.0,230,942080,9,0.02139882557094097,0.00020573770491803334,0.006009549566763727,8.996686647920047,-0.029853036729892826,11689.861787683823,6.412250518798828,0.3255138397216797,6.737796306610107,-2.2384531561669974e-08,2.4249908747719928e-08
-0.7438315056545584,94.914,1000.0,233,954368,6,0.026113303378224373,0.000204508196721312,0.007373575060184868,13.384602785110474,0.06830053305297736,12726.361839657739,6.696876525878906,0.20669937133789062,6.903616905212402,-3.730755260278329e-09,-1.4923021041113316e-08
-0.7304744492187909,97.02799999999999,1000.0,235,962560,9,0.024524999782443047,0.00020368852459016446,0.008306237433938995,9.698071837425232,0.1641170170317453,13510.693577816612,6.412867784500122,0.411243200302124,6.824406862258911,9.326888150695822e-10,-7.461510520556658e-09
-0.7334927035991436,86.724,1000.0,238,974848,6,0.02239374630153179,0.00020245901639344313,0.008387676991211871,8.95867637793223,0.053905500735466676,18591.151497395833,6.482604503631592,0.20607733726501465,6.689105033874512,1.8653776301391645e-09,0.0
-0.7366142156199053,84.75800000000001,1000.0,240,983040,7,0.02590131014585495,0.00020163934426229558,0.010696781020110043,9.758239480165335,0.058064023913735024,19521.33191856971,6.222786903381348,0.2545442581176758,6.47741436958313,0.0,-2.984604208222663e-08
-0.7606753386391242,86.138,1000.0,243,995328,6,0.020753059536218643,0.00020040983606557425,0.0097727093502487,7.052609967558007,0.05331223579981413,15669.446867290297,6.500816106796265,0.22706174850463867,6.7279791831970215,9.793232891297521e-09,-7.461510520556658e-09
-0.6524817287126672,78.418,1000.0,245,1003520,7,0.024166831746697426,0.00019959016393442672,0.008461491500314038,3.8125270100740285,-0.0072356397691832035,21761.99226262019,6.738911867141724,0.2504863739013672,6.9897191524505615,-7.461510520556658e-09,-3.730755260278329e-09
-0.6135237324141248,62.07000000000001,1000.0,247,1011712,6,0.024810966104269028,0.00019877049180327917,0.006753310041788679,3.232352669422443,0.0022145162757414463,20016.349271334133,6.840840578079224,0.29982733726501465,7.14081072807312,-3.730755260278329e-09,1.1192265780834987e-08
-0.6223052898727618,60.553999999999995,1000.0,250,1024000,8,0.02158466726541519,0.00019754098360655784,0.010307755172252655,8.61159052848816,-0.02016938174609095,17498.19896484375,6.4695940017700195,0.3885314464569092,6.858391046524048,-1.3057643855063361e-08,2.984604208222663e-08
-0.6212950749032682,59.504,1000.0,252,1032192,5,0.029822267591953278,0.0001967213114754103,0.0077020857069227434,4.202022049162123,0.244589990409117,20276.310492621527,6.424680709838867,0.23741888999938965,6.66215181350708,-7.461510520556658e-09,-1.4923021041113316e-08
-0.5867856148494143,49.977999999999994,1000.0,255,1044480,7,0.02359452284872532,0.00019549180327868898,0.008167828270234167,9.712949995696544,0.05627676138828974,13609.118835449219,7.245254993438721,0.32042813301086426,7.565832614898682,-1.4923021041113316e-08,0.0
-0.6354111595889104,61.263999999999996,1000.0,257,1052672,9,0.02273646555840969,0.00019467213114754143,0.007143345629123764,12.57197301917606,0.005060965350518624,10852.777058919271,6.374579191207886,0.32613492012023926,6.700828552246094,7.461510520556658e-09,-9.326887706606612e-09
-0.5814711958205155,71.92999999999999,1000.0,260,1064960,5,0.029069384559988976,0.0001934426229508201,0.009131344513864152,12.019774927033318,0.08530140327638946,15863.082804361979,6.667194128036499,0.21113300323486328,6.87859845161438,4.197099556790818e-09,2.984604208222663e-08
-0.59781304285485,76.99800000000002,1000.0,262,1073152,6,0.024430332705378532,0.00019262295081967255,0.006310112407216086,7.372996348601121,0.10909529740904243,14680.65117938702,6.57586932182312,0.19644594192504883,6.77239203453064,-3.730755260278329e-09,3.730755260278329e-09
-0.6670170777673226,88.978,1000.0,265,1085440,6,0.024207904934883118,0.00019139344262295125,0.009405970772994416,22.94099986553192,0.0937027396700744,11325.8894304548,6.278018951416016,0.20925021171569824,6.487430810928345,1.1192265780834987e-08,-1.4923021041113316e-08
-0.6596530365840728,114.64200000000001,1000.0,267,1093632,7,0.02477288246154785,0.0001905737704918037,0.009194021652960642,16.306621746583417,0.11192655068060214,15755.283380681818,6.215325593948364,0.31130051612854004,6.52677059173584,-8.394199113581635e-09,1.4923021041113316e-08
-0.5385264474901639,110.49000000000001,1000.0,269,1101824,5,0.0266678836196661,0.00018975409836065614,0.006198941872248219,6.342466652393341,0.07975994487706986,13570.417697482639,6.463419675827026,0.22178268432617188,6.685230493545532,-3.730755260278329e-09,-3.077873245160845e-08
-0.6341161257859598,108.63,1000.0,272,1114112,7,0.02270631305873394,0.0001885245901639348,0.010766788803845306,11.522316304120151,0.06545711646355233,12493.400113192472,6.5352418422698975,0.29717230796813965,6.832606315612793,7.461510520556658e-09,-2.984604208222663e-08
-0.5838212048777214,105.17999999999999,1000.0,274,1122304,6,0.027926798909902573,0.00018770491803278726,0.007216550642624497,8.281901975472769,0.07761022712414463,24894.819905598957,6.059070587158203,0.219102144241333,6.278197288513184,1.8653775413213225e-08,1.1192265780834987e-08
-0.4405272744999203,95.16,1000.0,277,1134592,8,0.028766462579369545,0.00018647540983606598,0.009120643177690605,10.433600750234392,0.11742889273187353,12387.105278862848,6.2538065910339355,0.3298683166503906,6.583943843841553,-3.730755260278329e-09,2.984604208222663e-08
-0.4811271065373588,72.114,1000.0,279,1142784,10,0.023682912811636925,0.00018565573770491843,0.007520228583256111,6.807242049890406,0.09675287879893885,17168.535931755516,6.2788472175598145,0.35876893997192383,6.6376471519470215,3.730755260278329e-09,0.0
-0.4876928919113993,70.64399999999999,1000.0,282,1155072,8,0.02146272175014019,0.00018442622950819713,0.009761544612334356,13.097904506482577,0.04632177181836022,9697.45554713199,6.190829277038574,0.2907373905181885,6.481769323348999,0.0,0.0
-0.5112764268937973,78.424,1000.0,284,1163264,9,0.021502872928977013,0.00018360655737704957,0.012091057918344935,12.818082523345947,0.10270669423043728,9676.380826822917,6.701581001281738,0.3437683582305908,7.045579195022583,5.596132890417493e-09,6.5288219275316806e-09
-0.5648526981429844,84.676,1000.0,287,1175552,9,0.02088811993598938,0.00018237704918032825,0.006245083134022674,5.277417891791889,-0.024127044863624696,12333.579864501953,6.830884218215942,0.3279917240142822,7.159333229064941,0.0,4.66344403093899e-08
-0.6071339110211129,81.924,1000.0,289,1183744,9,0.020569009706377983,0.0001815573770491807,0.010049870841612574,13.365900188684464,-0.010098322629346512,16574.263885498047,6.29710054397583,0.28517770767211914,6.5823280811309814,5.596132890417493e-09,-1.8653776301391645e-09
-0.6516638982180717,95.898,1000.0,291,1191936,6,0.020757559686899185,0.00018073770491803314,0.007296986427778999,9.05005216995875,-0.030632385745411737,17748.12919921875,6.568072080612183,0.22878360748291016,6.796885013580322,1.8653776301391645e-09,4.103830875124004e-08
-0.819783178895873,97.90800000000002,1000.0,294,1204224,10,0.02396591380238533,0.0001795081967213118,0.008330195360550923,10.491127357596444,0.03861251873396603,12764.331496465773,6.931078672409058,0.3440070152282715,7.27516770362854,-3.730755260278329e-09,-3.730755082642645e-08
-0.8249427125775872,89.796,1000.0,296,1212416,8,0.024007543921470642,0.00017868852459016426,0.005939613478923482,9.184577567236763,0.12768943802387053,10635.725481305804,6.391891717910767,0.3323249816894531,6.7245776653289795,1.4923021041113316e-08,1.4923021041113316e-08
-0.8487583801495729,86.188,1000.0,299,1224704,7,0.02045748382806778,0.00017745901639344293,0.007974179500403503,8.66457732518514,0.0726957580126408,17624.110446506078,6.278639554977417,0.3059389591217041,6.584671974182129,1.1192265780834987e-08,-2.6115287710126722e-08
-0.9258106304091145,88.522,1000.0,301,1232896,5,0.022519148886203766,0.00017663934426229538,0.007202245085500181,8.288163900375366,0.055543524050153795,14913.929296875,6.523486375808716,0.16246581077575684,6.6860926151275635,7.461510520556658e-09,-2.984604208222663e-08
-0.8363402894707844,81.58399999999999,1000.0,304,1245184,6,0.0324585884809494,0.00017540983606557405,0.006478098673088586,11.47423749110278,9.859986920421601,8289.264799230239,6.476487159729004,0.2381441593170166,6.71485447883606,0.0,-8.95381262466799e-08
-0.6274644287086147,76.72999999999999,1000.0,306,1253376,6,0.025981714949011803,0.0001745901639344265,0.010171953154812481,12.390904805876993,0.0685281678822569,6786.034756747159,6.3359949588775635,0.19295454025268555,6.52898907661438,1.8653776301391645e-09,-2.984604208222663e-08
-0.5140325246774943,71.06000000000002,1000.0,309,1265664,6,0.0295658390969038,0.00017336065573770516,0.009013372201782962,6.227401104711351,-0.030515964823453465,19696.936930338543,6.269761562347412,0.21262621879577637,6.482572317123413,-1.8653776301391645e-09,0.0
-0.4858954835759121,71.26,1000.0,311,1273856,9,0.029400408267974854,0.0001725409836065576,0.005836353590711951,6.687693516413371,-0.00719313263737907,20889.943196614582,6.326735496520996,0.3148162364959717,6.641844749450684,-7.461510520556658e-09,2.2384531561669974e-08
-0.43114082649545377,66.49199999999999,1000.0,313,1282048,7,0.024948960170149803,0.00017172131147541006,0.005268149223411456,5.236141100525856,0.11627242566707234,22683.643880208332,6.666112422943115,0.2855699062347412,6.951783657073975,-3.730755260278329e-09,7.461510520556658e-09
-0.5018440696303827,59.465999999999994,1000.0,316,1294336,8,0.02551283873617649,0.00017049180327868873,0.008406939476521479,13.2821570303705,0.07763378182102719,10957.102701822916,6.186603784561157,0.31061387062072754,6.4973464012146,-1.4923021041113316e-08,-4.290368593728999e-08
-0.6991885785635755,65.692,1000.0,318,1302528,10,0.02564879320561886,0.00016967213114754118,0.00834106455493549,11.275330245494843,33.151402382631204,13434.718283913353,6.633497714996338,0.45932602882385254,7.093097925186157,1.8653776301391645e-09,-7.461510520556658e-09
-0.7734444354954728,73.57000000000001,1000.0,321,1314816,7,0.021852048113942146,0.00016844262295081985,0.009363682293850515,11.473593612511953,0.15032523710397072,13515.902153862848,6.476979970932007,0.23918414115905762,6.716209650039673,1.1192265780834987e-08,1.4923021041113316e-08
-0.7678338684822205,76.22200000000001,1000.0,323,1323008,5,0.02900322712957859,0.0001676229508196723,0.009432457707589492,10.539513021707535,0.043960051669273525,12786.140319824219,6.518876552581787,0.13774728775024414,6.656664133071899,1.8653776301391645e-09,1.4923021041113316e-08
-0.7802573442357935,89.602,1000.0,326,1335296,7,0.020669588819146156,0.00016639344262295096,0.008808723170659505,14.898353576660156,0.10016275380621664,11180.755577087402,6.4087746143341064,0.2840003967285156,6.692815542221069,7.461510520556658e-09,4.476906312333995e-08
-0.728027267937322,96.26599999999999,1000.0,328,1343488,7,0.026049703359603882,0.0001655737704918034,0.00836537153316805,15.657831320395836,0.050749640710329495,10104.258798452523,6.601580619812012,0.3413710594177246,6.943203687667847,2.7980664452087467e-09,-1.4923021041113316e-08
-0.6551344125847309,94.142,1000.0,331,1355776,7,0.020032500848174095,0.00016434426229508208,0.00861252039903775,10.220798934996129,0.06467077655397588,14824.53507080078,6.694018363952637,0.2612321376800537,6.955509901046753,7.461510520556658e-09,1.2404761662310193e-07
-0.6591046633178904,89.646,1000.0,333,1363968,12,0.02352956309914589,0.00016352459016393456,0.008125486885546707,11.49294826388359,-0.01995784093014663,10162.576965332031,6.902817487716675,0.4353203773498535,7.338171005249023,1.4923021041113316e-08,2.984604208222663e-08
-0.5541686295816486,95.82,1000.0,335,1372160,10,0.021685995161533356,0.00016270491803278703,0.0060440252326723,12.268474120842782,-0.03538417885704946,11193.179893092105,6.948701858520508,0.35103750228881836,7.2999255657196045,7.461510520556658e-09,2.984604208222663e-08
-0.52879036105052,103.01000000000002,1000.0,338,1384448,9,0.020870817825198174,0.0001614754098360657,0.010251201928201082,15.359565402332105,0.006992085533535206,11662.133891858553,6.252558946609497,0.3837156295776367,6.63632345199585,3.730755260278329e-09,-2.6115287710126722e-08
-0.4003620642160022,99.53999999999999,1000.0,340,1392640,8,0.026512427255511284,0.00016065573770491815,0.009890184890920002,14.975600945322137,0.06234102845375769,9294.261513157895,6.405951738357544,0.29886603355407715,6.70515775680542,-9.326887706606612e-09,-3.1711419268276586e-08
-0.276625831008518,106.954,1000.0,343,1404928,9,0.022980570793151855,0.00015942622950819682,0.007878540858530021,9.236671451864572,0.010118561041649784,14549.783480940194,6.788776397705078,0.40106749534606934,7.189945220947266,0.0,0.0
-0.25957120288502045,108.60799999999999,1000.0,345,1413120,14,0.024375097826123238,0.00015860655737704927,0.006937507662223652,9.386529529094696,-0.001839847062365152,9772.132165527344,6.658954620361328,0.6226987838745117,7.2816808223724365,1.4923021041113316e-08,-7.461510520556658e-09
-0.3397767406234457,99.0,1000.0,348,1425408,10,0.023343201726675034,0.00015737704918032794,0.006576508148905954,9.479268779073443,-0.024880443806302666,10935.524637276785,6.626031398773193,0.39533543586730957,7.02140474319458,-5.596132890417493e-09,0.0
-0.38258963516994626,99.502,1000.0,350,1433600,11,0.02188233844935894,0.00015655737704918038,0.006945327193283573,14.132075067224173,-0.018844085837842833,12238.853995487607,6.647588729858398,0.3618755340576172,7.009628772735596,3.730755260278329e-09,-3.730755082642645e-08
-0.5301645259127133,104.394,1000.0,353,1445888,10,0.020393934100866318,0.00015532786885245905,0.008729851693319886,14.823702350906704,0.10054831839996674,9768.018984587296,6.602872133255005,0.39910411834716797,7.002005100250244,-1.1192265780834987e-08,3.730755082642645e-08
-0.6610938287873346,92.074,1000.0,355,1454080,11,0.02179921790957451,0.0001545081967213115,0.007976145706260982,8.768032257971557,0.38738302304409444,12436.789991295856,7.059765338897705,0.4939432144165039,7.554054260253906,-3.730755260278329e-09,-1.4923021041113316e-08
-0.6914938296655768,96.74800000000002,1000.0,357,1462272,4,0.02296820841729641,0.00015368852459016395,0.007923438301077113,13.624410470326742,0.10914910706439211,13046.175109863281,6.4470367431640625,0.12552642822265625,6.572649955749512,0.0,-1.4923021041113316e-08
-0.639243097383327,105.20800000000001,1000.0,360,1474560,14,0.02082478441298008,0.00015245901639344262,0.010099369554414548,9.760964167969567,-0.007848719897862923,9589.7353515625,6.472307443618774,0.5234682559967041,6.996150493621826,-2.7980664452087467e-09,-2.984604208222663e-08
-0.565227773596692,93.384,1000.0,362,1482752,12,0.020253323018550873,0.00015163934426229507,0.008157982319105594,9.79067862033844,-0.038021600550218,9309.44976515997,6.68279242515564,0.48544859886169434,7.168293714523315,1.4923021041113316e-08,1.4923021041113316e-08
-0.5952624322231775,90.82400000000001,1000.0,365,1495040,14,0.02349919080734253,0.00015040983606557374,0.009787367467113115,11.731047762764824,-0.020814602275128925,8852.820434570312,6.949473142623901,0.5069682598114014,7.456490993499756,0.0,2.984604208222663e-08
-0.5301429448921609,93.688,1000.0,367,1503232,11,0.021647656336426735,0.00014959016393442618,0.005689583561616018,5.725346153974533,-0.02252682144899154,12357.082250976562,6.701338052749634,0.5260045528411865,7.227414846420288,-5.596132890417493e-09,4.8499817495439856e-08
-0.43276121553573405,83.44199999999998,1000.0,370,1515520,7,0.024675963446497917,0.00014836065573770485,0.006028068149462342,8.980309493541718,0.11985087752342224,9318.756103515625,6.495043992996216,0.2372293472290039,6.732353210449219,-7.461510520556658e-09,2.984604208222663e-08
-0.4447308179244794,76.728,1000.0,372,1523712,7,0.022841457277536392,0.0001475409836065573,0.006118642321477334,7.578170170386632,0.1669486765555727,17605.667887369793,6.391429662704468,0.2980360984802246,6.689526557922363,6.5288219275316806e-09,1.1192265780834987e-08
-0.352584694050951,75.082,1000.0,375,1536000,11,0.027632949873805046,0.00014631147540983597,0.008874148294456641,13.24716985767538,0.12145251713015816,9839.317171963778,6.806627511978149,0.4163246154785156,7.2230610847473145,7.461510520556658e-09,-2.984604208222663e-08
-0.26508207942844464,75.88000000000001,1000.0,377,1544192,10,0.020425882190465927,0.00014549180327868842,0.007924586316854085,3.199967402478923,0.00554455183547638,12334.278532608696,6.690169095993042,0.39993739128112793,7.090543031692505,1.4923021041113316e-08,-4.476906312333995e-08
-0.2408518491736075,71.77799999999999,1000.0,379,1552384,7,0.021428167819976807,0.00014467213114754087,0.007244517677463591,6.795469248294831,-0.02542840790313979,20481.412467447917,6.718570709228516,0.238814115524292,6.957456111907959,-3.730755260278329e-09,-2.4249908747719928e-08
-0.27186105728125154,70.648,1000.0,382,1564672,10,0.022429505363106728,0.00014344262295081954,0.007682016358843871,8.295348603384836,0.022619090738018193,8989.058154296876,6.792741775512695,0.3312554359436035,7.124114513397217,1.4923021041113316e-08,7.461510520556658e-09
-0.2837922652020385,66.344,1000.0,384,1572864,12,0.02247415855526924,0.00014262295081967198,0.0058643353210451705,4.80532565050655,0.032881142728405796,11599.646389431424,6.829728364944458,0.47590088844299316,7.305675506591797,-7.461510520556658e-09,-2.6115287710126722e-08
-0.455814965394432,64.61,1000.0,387,1585152,14,0.02250393107533455,0.00014139344262295065,0.007988696837047529,9.266583419508404,0.02814440917023199,9418.61445787218,6.498112916946411,0.4770781993865967,6.975293397903442,1.8653776301391645e-09,-2.984604208222663e-08
-0.5108998730517845,64.04,1000.0,389,1593344,8,0.02389221452176571,0.00014057377049180313,0.009674793205169193,10.566458905444426,0.07792413616826867,10864.854549632353,6.444651365280151,0.26788878440856934,6.712584018707275,3.730755260278329e-09,1.4923021041113316e-08
-0.6042658218972972,70.95000000000002,1000.0,392,1605632,8,0.020261676982045174,0.0001393442622950818,0.010170733811156381,11.699306902431307,0.2693188583500506,10032.409278506324,6.8336732387542725,0.29326820373535156,7.127086162567139,5.596132890417493e-09,0.0
-0.6787938879772348,73.89800000000001,1000.0,394,1613824,11,0.022793522104620934,0.00013852459016393425,0.009365049845655449,5.255557205528021,0.08464371738955379,15247.174880981445,6.365690231323242,0.3968820571899414,6.762624979019165,-7.461510520556658e-09,-2.2384531561669974e-08
-0.6921706103792393,80.282,1000.0,397,1626112,7,0.02239367924630642,0.00013729508196721292,0.007524205427414373,12.0234244077102,0.008910556245372509,11586.787735648777,6.741531133651733,0.26706457138061523,7.008876323699951,0.0,-4.476906312333995e-08
-0.6970369650147371,78.53600000000002,1000.0,399,1634304,13,0.022276852279901505,0.00013647540983606536,0.00564816191659442,5.572077762512934,0.09315185154056442,12133.615594773066,7.3313140869140625,0.5331661701202393,7.864700078964233,-9.326887706606612e-09,-3.730755260278329e-09
-0.6446909193494199,71.372,1000.0,401,1642496,7,0.022005289793014526,0.0001356557377049178,0.006416948998401708,6.468692968873417,0.00561574938311584,7740.543141084559,6.348042011260986,0.260406494140625,6.608475923538208,-5.596132890417493e-09,-7.461510520556658e-09
-0.6616593849739018,76.534,1000.0,404,1654784,16,0.021351298317313194,0.00013442622950819648,0.010730690019304998,15.632035442761012,0.022894947831186334,8751.823560442243,6.257202625274658,0.5545558929443359,6.812071084976196,0.0,0.0
-0.6169505296491542,91.13,1000.0,406,1662976,7,0.021615685895085335,0.00013360655737704893,0.007008694383936624,3.7062231143315634,0.1557205558133622,15910.795003255209,6.309540271759033,0.283510684967041,6.593079090118408,-7.461510520556658e-09,-5.596132890417493e-09
-0.6182873873306618,85.698,1000.0,409,1675264,25,0.02151266299188137,0.0001323770491803276,0.0079629357981806,9.985908982081291,0.15140832570091917,11341.99634415064,6.809754133224487,0.952979326248169,7.7628278732299805,0.0,3.5442173640376495e-08
-0.5769002278272974,91.982,1000.0,411,1683456,12,0.020496375858783722,0.00013155737704918005,0.005382555373944342,3.8454197446505227,0.12067828828003258,12731.856030273437,6.883197069168091,0.4915037155151367,7.374730348587036,3.730755260278329e-09,-7.46151016528529e-08
-0.5844969987021102,95.042,1000.0,414,1695744,11,0.020478228107094765,0.00013032786885245872,0.006762627757301456,11.354550436923379,0.08899016740217217,11050.350463867188,6.618669509887695,0.44872212409973145,7.06742262840271,1.4923021041113316e-08,1.4923021041113316e-08
-0.5445734762594028,85.486,1000.0,416,1703936,13,0.02198745869100094,0.00012950819672131116,0.005103538970855114,9.37442293920015,0.053407968548861776,14945.94974557977,6.735142230987549,0.4523739814758301,7.187628507614136,-1.3057643855063361e-08,2.984604208222663e-08
-0.5693427694252282,71.03999999999999,1000.0,419,1716224,19,0.02076920121908188,0.00012827868852458983,0.006522780344066386,8.560904760618467,-0.0287150678416003,15082.215747730152,6.583912134170532,0.667015552520752,7.250987768173218,-1.4923021041113316e-08,1.4923021041113316e-08
-0.6313638211064875,74.41999999999999,1000.0,421,1724416,13,0.02066795527935028,0.00012745901639344228,0.004674306790217419,8.121891696344722,-0.014881430775858462,19693.0683704723,6.555806398391724,0.5166311264038086,7.072550058364868,5.596132890417493e-09,-3.730755082642645e-08
-0.5937321678551112,76.732,1000.0,423,1732608,6,0.036649879068136215,0.00012663934426229473,0.005394293263984414,21.15111470222473,0.08613848908302876,11632.44150015024,6.4181225299835205,0.23528051376342773,6.653430461883545,1.4923021041113316e-08,1.3430718581730616e-07
-0.6238733989917545,96.362,1000.0,426,1744896,8,0.020170893520116806,0.0001254098360655734,0.0074817729089409115,14.079539170265198,0.08612197468057275,12595.988168945312,7.204731225967407,0.30686354637145996,7.511650562286377,3.730755260278329e-09,-5.969208416445326e-08
-0.6489497214945166,99.30799999999999,1000.0,428,1753088,17,0.021253449842333794,0.00012459016393442585,0.00626897916275387,5.6860992034276325,0.019810758110058183,16537.306722005207,6.414442777633667,0.594871997833252,7.0095374584198,-3.730755260278329e-09,-5.596132890417493e-09
-0.6267288768275374,105.72200000000001,1000.0,431,1765376,7,0.024811238050460815,0.00012336065573770452,0.007342169637558982,12.561371982097626,0.0609661705995677,9616.853326416016,6.770369529724121,0.2817380428314209,7.052324295043945,7.461510520556658e-09,-1.4923021041113316e-08
-0.4891719355084323,107.78400000000002,1000.0,433,1773568,9,0.02096308022737503,0.00012254098360655696,0.006562425056472421,11.145335486957006,0.08008789036622536,7380.21208844866,6.382120847702026,0.32938647270202637,6.711545944213867,2.984604208222663e-08,-1.4923021041113316e-08
-0.45291424276941344,101.79,1000.0,436,1785856,10,0.030166953802108765,0.00012131147540983565,0.006488735941027037,10.564984633163972,0.49581156713380053,8674.679354580965,6.666234970092773,0.333315372467041,6.999790668487549,-1.5389366225804224e-08,0.0
-0.5019900227524359,86.28200000000001,1000.0,438,1794048,14,0.02308029867708683,0.00012049180327868811,0.0076352932753608275,9.130905218746351,0.2534892945651613,11738.067021908968,6.812184572219849,0.5208165645599365,7.333261489868164,3.730755260278329e-09,-5.969208416445326e-08
-0.5221366654201285,89.806,1000.0,441,1806336,16,0.021396519616246223,0.0001192622950819668,0.006169280444737524,9.57853894748471,0.016245353271105243,8370.745003440163,6.448010683059692,0.579291820526123,7.027642250061035,0.0,-5.969208416445326e-08
-0.5473973524222686,82.87199999999999,1000.0,443,1814528,7,0.024559779092669487,0.00011844262295081925,0.0055975229658472994,8.726963373330923,0.0030258735686612246,10181.920954777645,6.8314619064331055,0.26636600494384766,7.097931385040283,-1.025957718781001e-08,-1.4923021041113316e-08
-0.588187803560105,78.71,1000.0,445,1822720,11,0.021971672773361206,0.00011762295081967171,0.005560080361503519,8.001239403298026,-0.017096445773189004,8785.969090511924,6.784696578979492,0.43782997131347656,7.222552537918091,1.1192265780834987e-08,-2.984604208222663e-08
-0.5829393756239661,85.394,1000.0,448,1835008,9,0.020506495609879494,0.0001163934426229504,0.007976851641648897,13.728865672040868,0.019809873895644193,7088.637179904514,6.698419094085693,0.3028385639190674,7.001384258270264,2.7980664452087467e-09,7.461510520556658e-09
-0.5867843233637358,95.388,1000.0,450,1843200,5,0.0238035898655653,0.00011557377049180286,0.006560082624976833,13.214452902475992,0.007041764173967143,9257.299967447916,6.6845080852508545,0.15284323692321777,6.837385892868042,7.461510520556658e-09,2.984604208222663e-08
-0.6126760868801384,101.43999999999998,1000.0,453,1855488,13,0.021252263337373734,0.00011434426229508157,0.00914960263458931,14.847218523854794,0.0546097908999123,8237.359815514606,6.7476160526275635,0.4346013069152832,7.18229603767395,1.678839822716327e-08,0.0
-0.5688731251018979,113.53800000000001,1000.0,455,1863680,14,0.02273455634713173,0.00011352459016393403,0.007323271837895331,11.619648720907128,0.12751546881728523,9810.086945906929,6.452066421508789,0.553725004196167,7.005928039550781,7.461510520556658e-09,-2.2384531561669974e-08
