Metrics/EpRet,Metrics/EpCost,Metrics/EpLen,Train/Epoch,Train/TotalSteps,Train/KL,Loss/Loss_reward_critic,Loss/Loss_cost_critic,Loss/Loss_actor,Time/Rollout,Time/Update,Time/Total,Value/RewardAdv,Value/CostAdv,Misc/Alpha,Misc/FinalStepNorm,Misc/xHx,Misc/gradient_norm,Misc/H_inv_g,Misc/AcceptanceStep
-0.298956487820582,18.247803324771205,1000.0,1,20000,0.006560281850397587,0.0065000855223020645,1.2456887262831828,-0.02011183649301529,23.351353406906128,9.044127702713013,32.395487785339355,-1.1444091230217168e-09,-1.831054596834747e-08,0.9657250642776489,0.25182223320007324,0.021444838494062424,0.10365135222673416,0.26075974106788635,1.0
-0.15962405123205828,49.568272639473946,1000.0,2,40000,0.0078887315467,0.004585823435543971,2.5408645351980903,-0.021707257255911827,23.35257840156555,9.045284748077393,32.39786887168884,1.831054596834747e-08,-3.051757735406113e-09,0.9377383589744568,0.23264876008033752,0.02274397946894169,0.11364945024251938,0.24809560179710388,1.0
0.6749709585209719,80.7177329575832,1000.0,3,60000,0.00810923334211111,0.00734218172269286,2.862695552095486,-0.023526370525360107,23.714627504348755,8.856278419494629,32.570919036865234,1.0681151962899094e-08,3.9672851670502496e-08,0.9020392298698425,0.22399097681045532,0.024579834192991257,0.13611210882663727,0.24831622838974,1.0
2.569454616855912,99.91799999999999,1000.0,4,80000,0.008365844376385212,0.009361042210440727,2.1765804695475635,-0.02089703641831875,23.332716941833496,8.935009002685547,32.267741203308105,5.7983395862493126e-08,5.493163968139925e-08,1.0168170928955078,0.23360735177993774,0.01934390515089035,0.10999372601509094,0.22974371910095215,1.0
4.678024852566056,102.8,1000.0,5,100000,0.00804496556520462,0.010277283962543128,2.663858998505173,-0.020340818911790848,23.675007343292236,8.932897567749023,32.60791802406311,3.7002561015242463e-08,1.5869140668200998e-07,1.0514386892318726,0.24482417106628418,0.018090970814228058,0.09965576231479645,0.23284684121608734,1.0
6.481873678019066,105.09100000000001,1000.0,6,120000,0.007815240882337093,0.009561802575566396,2.9040175716208805,-0.018799828365445137,23.6054208278656,9.31826138496399,32.92369771003723,0.0,6.1035152043587e-08,1.1148446798324585,0.25015100836753845,0.016091667115688324,0.09599708020687103,0.2243819236755371,1.0
8.328308095437889,111.005,1000.0,7,140000,0.008270406164228916,0.015774889185336555,2.9232143579774603,-0.018769381567835808,23.344656944274902,8.851924896240234,32.196595907211304,3.05175760217935e-08,5.7983395862493126e-08,1.0975570678710938,0.23176869750022888,0.01660257950425148,0.1346806138753891,0.21116778254508972,1.0
10.949757037141136,119.386,1000.0,8,160000,0.0074511016719043255,0.01654517742668747,3.1963545449979747,-0.018648043274879456,23.445632696151733,8.817948341369629,32.263596296310425,-4.577636492086867e-09,-2.4414061883248905e-08,1.1063404083251953,0.25164520740509033,0.01634000614285469,0.11192463338375092,0.22745729982852936,1.0
13.806249894754734,135.08200000000002,1000.0,9,180000,0.0076168617233633995,0.017049324384943883,3.2135673555978546,-0.017589669674634933,23.30688166618347,9.405133485794067,32.712032079696655,5.722045615108584e-10,3.662109193669494e-08,1.1295503377914429,0.25203031301498413,0.015675395727157593,0.1221657320857048,0.2231244593858719,1.0
15.023773807390612,154.61899999999997,1000.0,10,200000,0.00783003680408001,0.01951016849915313,4.033906760792823,-0.01842234656214714,23.818100690841675,9.036633968353271,32.85477924346924,4.882812376649781e-08,3.05175760217935e-08,1.0590100288391113,0.2307295948266983,0.01783321425318718,0.14992818236351013,0.21787290275096893,1.0
15.93367731763818,171.85899999999998,1000.0,11,220000,0.006979187019169331,0.021272017711856564,3.6289940243314027,-0.017064614221453667,23.330490112304688,8.881515741348267,32.212021350860596,6.179809730610941e-08,-3.05175760217935e-08,1.1693100929260254,0.2636639177799225,0.014627504162490368,0.11341850459575653,0.22548672556877136,1.0
15.892955354015587,182.887,1000.0,12,240000,0.006498172413557768,0.024816043037850007,3.9684491417969867,-0.017691802233457565,23.8639395236969,9.066208362579346,32.93016242980957,4.50134258755952e-08,-2.4414061883248905e-08,1.1167852878570557,0.2790836989879608,0.016035791486501694,0.11081092804670334,0.24989914894104004,1.0
16.11392134878199,186.89999999999998,1000.0,13,260000,0.006425477564334869,0.03347462081961381,3.622748393997265,-0.015487303957343102,23.152246952056885,8.821754693984985,31.97401523590088,-1.1825560974898508e-08,-4.882812376649781e-08,1.2694135904312134,0.2774386703968048,0.012411472387611866,0.10251414775848389,0.21855655312538147,1.0
17.419618796836097,196.579,1000.0,14,280000,0.0058859954588115215,0.029753274691830964,4.007079213743757,-0.014366604387760162,23.171118021011353,9.022000789642334,32.19313168525696,-3.814697180359872e-08,9.765624753299562e-08,1.3571398258209229,0.29193180799484253,0.010858763009309769,0.0992330014705658,0.21510812640190125,1.0
18.21946902198827,197.97099999999995,1000.0,15,300000,0.00616492610424757,0.029969936910613327,4.111749869774861,-0.015783261507749557,23.20807981491089,9.061791181564331,32.269882678985596,-1.2207030941624453e-08,9.00268517511904e-08,1.2548421621322632,0.28409653902053833,0.012701394967734814,0.0962260290980339,0.2264002114534378,1.0
18.550436523800144,203.269,1000.0,16,320000,0.006042627617716789,0.034322914471671837,4.1891846939257,-0.015284648165106773,23.042543411254883,8.814362525939941,31.85692262649536,1.525878801089675e-08,6.103515470812226e-09,1.2982233762741089,0.2931535542011261,0.011866722255945206,0.09123295545578003,0.22581133246421814,1.0
18.791813342824703,200.051,1000.0,17,340000,0.005902309436351061,0.037570722608761806,4.463085400450761,-0.017229415476322174,23.21650505065918,8.9120454788208,32.12856936454773,1.602172794434864e-08,-1.831054596834747e-08,1.2103033065795898,0.2890823185443878,0.013653413392603397,0.09206166863441467,0.2388511449098587,1.0
19.14512898591352,202.233,1000.0,18,360000,0.006327705457806587,0.03549589742758092,4.628522804967917,-0.01618155650794506,23.70018196105957,8.927173852920532,32.62736964225769,4.577636492086867e-09,-3.051757735406113e-09,1.2898521423339844,0.2806079685688019,0.012021252885460854,0.09553057700395584,0.21755050122737885,1.0
19.263815079862617,218.07799999999997,1000.0,19,380000,0.005430977325886488,0.033707425119296,4.800457172257126,-0.01473255455493927,23.28418469429016,8.802485466003418,32.08668303489685,1.525878801089675e-08,2.4414061883248905e-08,1.3443645238876343,0.3032738268375397,0.011066121980547905,0.09648656100034714,0.22558897733688354,1.0
20.34728723195753,222.67400000000004,1000.0,20,400000,0.005189126823097467,0.03161639357163648,4.8152978714104675,-0.014948291704058647,23.385019302368164,9.11765193939209,32.502685546875,2.0599363992346298e-08,1.3732909920349812e-08,1.3491100072860718,0.31366172432899475,0.01098841056227684,0.08367480337619781,0.2324952930212021,1.0
21.807275139005384,217.58,1000.0,21,420000,0.0059298076666891575,0.028764264126587065,4.6188880173264035,-0.01667548529803753,22.81786346435547,8.799355030059814,31.617237091064453,-1.3732909920349812e-08,-3.051757735406113e-09,1.1716469526290894,0.28649869561195374,0.014569215476512909,0.11741089075803757,0.2445264756679535,1.0
22.441777972526882,207.084,1000.0,22,440000,0.006165534257888794,0.02968511010051533,4.387989745018588,-0.016322320327162743,23.054800748825073,9.125226259231567,32.18004131317139,2.1362303925798187e-08,6.103515470812226e-09,1.201285719871521,0.2794015407562256,0.013859163038432598,0.11275660991668701,0.23258540034294128,1.0
22.759209002817038,198.879,1000.0,23,460000,0.005455183330923319,0.0327716513210611,4.075275343011139,-0.015733914449810982,23.719674110412598,8.791500091552734,32.511189699172974,9.155272984173735e-09,1.831054596834747e-08,1.2412099838256836,0.29951930046081543,0.012981927022337914,0.08656641095876694,0.24131235480308533,1.0
22.881505808343658,187.034,1000.0,24,480000,0.005434901919215918,0.031935671519986386,4.904412061773288,-0.016180789098143578,23.323875904083252,9.033921241760254,32.35781240463257,7.629394005448376e-09,4.2724607851596375e-08,1.2019035816192627,0.29336294531822205,0.013844920322299004,0.11966393887996674,0.24408192932605743,1.0
22.31180942240893,201.684,1000.0,25,500000,0.004777274094521999,0.03187777337137681,4.820319198043483,-0.01558687724173069,23.736483573913574,8.838608741760254,32.575109243392944,6.866454960174906e-09,3.356933575560106e-08,1.274819016456604,0.3244766294956207,0.012306442484259605,0.09403020143508911,0.25452759861946106,1.0
23.15964722800989,214.277,1000.0,26,520000,0.005748158320784569,0.031475584865043496,4.548586787387824,-0.01709827035665512,23.20562505722046,8.932583332061768,32.13822078704834,-6.103515470812226e-09,8.544921570319275e-08,1.1345008611679077,0.29167723655700684,0.015538892708718777,0.10869357734918594,0.25709742307662964,1.0
23.80786721176589,214.26100000000002,1000.0,27,540000,0.00555791100487113,0.028059774951617808,4.32233410139752,-0.01803477108478546,24.11052703857422,8.8908052444458,33.00135135650635,1.2207030941624453e-08,3.051757735406113e-09,1.1093558073043823,0.29863134026527405,0.016251295804977417,0.1106492131948471,0.26919347047805786,1.0
23.60682641439511,217.11099999999996,1000.0,28,560000,0.005560086574405432,0.030771297339800815,4.438153138358122,-0.016582278534770012,23.30089497566223,9.049233675003052,32.35014629364014,6.103515470812226e-09,1.2207030941624453e-08,1.1315383911132812,0.30257734656333923,0.015620362013578415,0.10691820085048676,0.2674035131931305,1.0
23.34033287307447,213.08499999999998,1000.0,29,580000,0.004896055441349745,0.030833160711132037,4.295362921353358,-0.014079309068620205,23.747098207473755,8.922126054763794,32.669243574142456,3.051757735406113e-09,-6.103515470812226e-09,1.342530608177185,0.3117419481277466,0.011096376925706863,0.0896991491317749,0.23220472037792206,1.0
23.3261898947021,193.654,1000.0,30,600000,0.005894464906305075,0.0294152768257602,4.2412113796373845,-0.017446022480726242,22.954598426818848,9.08941388130188,32.04402756690979,2.2888182460434336e-09,-4.882812376649781e-08,1.1171259880065918,0.28869253396987915,0.01602601259946823,0.1116279736161232,0.2584243416786194,1.0
24.12495997944867,173.719,1000.0,31,620000,0.0053398809395730495,0.02916941647506823,4.053645587423045,-0.017468642443418503,23.262376070022583,8.910080194473267,32.17247200012207,1.602172794434864e-08,-4.577636758540393e-08,1.0889757871627808,0.31015434861183167,0.01686527021229267,0.1123124361038208,0.28481292724609375,1.0
24.70636721880696,171.325,1000.0,32,640000,0.005609605461359024,0.02962357147128149,4.010304495635306,-0.016471799463033676,23.204676151275635,9.23211407661438,32.436808586120605,-1.5258788677030566e-09,-1.831054596834747e-08,1.1749464273452759,0.2899848520755768,0.01448750402778387,0.11276794970035553,0.24680685997009277,1.0
24.454754268958524,197.408,1000.0,33,660000,0.005087681580334902,0.02935101679959305,4.164210445789775,-0.015688687562942505,22.849936485290527,9.2412269115448,32.091190814971924,4.577636492086867e-09,4.882812376649781e-08,1.212348222732544,0.31517666578292847,0.013607393018901348,0.11083173006772995,0.25997206568717957,1.0
24.612301131285783,205.15300000000002,1000.0,34,680000,0.0054006511345505714,0.029559773226879586,4.185780930595033,-0.018126610666513443,20.29028081893921,9.081048488616943,29.37134313583374,1.3732909920349812e-08,2.4414061883248905e-08,1.1232914924621582,0.30501067638397217,0.01585056632757187,0.09570556879043579,0.27153298258781433,1.0
24.662633019155006,196.16400000000002,1000.0,35,700000,0.005179586820304394,0.027438893662706302,4.082272853517229,-0.017716724425554276,22.898102283477783,14.715669870376587,37.61382174491882,-8.392333938900265e-09,9.155272984173735e-09,1.1474149227142334,0.309521347284317,0.015191081911325455,0.09387277811765671,0.26975539326667786,1.0
24.841849078048927,186.79199999999997,1000.0,36,720000,0.005072648171335459,0.028316563708339907,4.531774087924107,-0.016030123457312584,29.013001680374146,10.85754680633545,39.87056040763855,-4.577636492086867e-09,4.577636758540393e-08,1.2255499362945557,0.3113970458507538,0.01331581175327301,0.08628839999437332,0.2540875971317291,1.0
24.336420214484132,202.275,1000.0,37,740000,0.005160698667168617,0.028336929082633203,4.397592040232032,-0.015780193731188774,23.45215082168579,9.193830728530884,32.64604067802429,0.0,2.4414061883248905e-08,1.2252919673919678,0.3121437430381775,0.013321418315172195,0.10167654603719711,0.25475049018859863,1.0
24.512908202015254,211.161,1000.0,38,760000,0.005192907061427832,0.02673883242354651,4.4412136000432785,-0.01878184638917446,23.44489026069641,9.172310829162598,32.61725568771362,-4.959106458812812e-09,-1.2207030941624453e-08,1.05974280834198,0.30596283078193665,0.017808562144637108,0.10812082886695862,0.2887142300605774,1.0
25.108240020982425,209.06300000000002,1000.0,39,780000,0.004854185041040182,0.02749584310207587,4.2582378448954055,-0.016178734600543976,23.151639461517334,8.896300792694092,32.047959327697754,0.0,2.4414061883248905e-08,1.2048230171203613,0.317010760307312,0.013777904212474823,0.11919070780277252,0.26311811804771423,1.0
25.625604526371625,195.836,1000.0,40,800000,0.005200913641601801,0.023934577452315458,4.13199361843668,-0.016758978366851807,23.591832637786865,8.913023233413696,32.504871129989624,6.103515470812226e-09,-2.4414061883248905e-08,1.1578798294067383,0.311484694480896,0.01491773035377264,0.08883099257946014,0.269012987613678,1.0
25.473328082808095,187.206,1000.0,41,820000,0.0053687933832407,0.024915396178342923,4.3143938892965865,-0.01682620868086815,23.1732280254364,8.960697412490845,32.133939266204834,-1.678466787780053e-08,0.0,1.1294848918914795,0.30260202288627625,0.015677213668823242,0.11955124884843826,0.26791149377822876,1.0
25.180642951727926,187.25400000000002,1000.0,42,840000,0.005780722480267286,0.02801126316249086,4.139571621919134,-0.01793055422604084,23.52088236808777,8.810688972473145,32.331584453582764,-3.814697002724188e-09,-1.525878801089675e-08,1.0253101587295532,0.29310348629951477,0.019024763256311417,0.11472505331039429,0.2858681082725525,1.0
24.350320821951712,188.15,1000.0,43,860000,0.005610696040093899,0.027691341999467392,4.221314078911095,-0.017479388043284416,22.880926609039307,9.246860980987549,32.127864837646484,2.2888182460434336e-09,-9.460448779918806e-08,1.100109338760376,0.2910975217819214,0.01652562990784645,0.10776083916425705,0.26460781693458557,1.0
24.42738417109187,179.34699999999998,1000.0,44,880000,0.005256089847534895,0.02691920906376497,4.483748261260379,-0.01680733636021614,23.57053542137146,10.434252738952637,34.004863023757935,5.340575981449547e-09,-3.662109193669494e-08,1.133394479751587,0.3157673478126526,0.01556924544274807,0.09926649183034897,0.278603196144104,1.0
24.64747114696027,178.44,1000.0,45,900000,0.00435659009963274,0.025496021018713524,3.9572397569182574,-0.016560615971684456,22.20394992828369,9.046227931976318,31.250199556350708,-3.814697002724188e-09,3.662109193669494e-08,1.186111330986023,0.3291507661342621,0.014216043055057526,0.08847807347774506,0.2775040864944458,1.0
24.689424483315875,196.07800000000003,1000.0,46,920000,0.005397229455411434,0.027776328672411716,4.55845077819885,-0.01941046305000782,22.134330987930298,9.166580438613892,31.30092763900757,-4.577636492086867e-09,3.662109193669494e-08,1.0472630262374878,0.3041541576385498,0.018235523253679276,0.12889276444911957,0.29042765498161316,1.0
24.004710021903215,206.72100000000006,1000.0,47,940000,0.005198242142796516,0.03410013948395184,4.61379476907147,-0.017320601269602776,22.57105588912964,9.076110124588013,31.647180318832397,-9.155272984173735e-09,7.324218387338988e-08,1.1739366054534912,0.31397348642349243,0.014512437395751476,0.10602472722530365,0.26745352149009705,1.0
23.495076800971752,211.773,1000.0,48,960000,0.005195489153265953,0.02825736168321151,4.547398668565568,-0.01803545467555523,22.056188821792603,9.160597562789917,31.2168550491333,3.051757735406113e-09,2.4414061883248905e-08,1.1022987365722656,0.30972179770469666,0.016460049897432327,0.1282978504896164,0.28097808361053467,1.0
24.134123996483993,205.872,1000.0,49,980000,0.004883787594735622,0.0293382360653323,4.4649148433831085,-0.017964066937565804,22.54900598526001,9.292672872543335,31.841683864593506,-1.2969969986897922e-08,-6.103515470812226e-09,1.0639411211013794,0.3173326253890991,0.017668291926383972,0.1207689568400383,0.29826146364212036,1.0
24.891324560416813,198.774,1000.0,50,1000000,0.005120581015944481,0.02767843384248246,4.301246527957309,-0.019216781482100487,22.08630609512329,9.083155632019043,31.16949963569641,9.155272984173735e-09,-3.05175760217935e-08,1.0056053400039673,0.3180309236049652,0.019777648150920868,0.09896355122327805,0.31625819206237793,1.0
25.021554349374675,204.248,1000.0,51,1020000,0.00493945088237524,0.028969116830474633,4.693007097198705,-0.01793268322944641,22.21257781982422,8.997740745544434,31.2103328704834,-6.103515470812226e-09,2.1362303925798187e-08,1.062164306640625,0.3175372779369354,0.017727453261613846,0.11205264180898666,0.2989530563354492,1.0
25.07537042816369,201.597,1000.0,52,1040000,0.0047620562836527824,0.025469412938780654,4.4523467918869795,-0.017983632162213326,22.02984642982483,9.193936109542847,31.223798036575317,-1.2207030941624453e-08,6.484984993448961e-09,1.0776809453964233,0.32394644618034363,0.017220642417669296,0.1045122966170311,0.30059584975242615,1.0
24.795997377692327,190.10399999999998,1000.0,53,1060000,0.005054592154920101,0.02652941293966998,4.3894621499025135,-0.01855793036520481,22.035393476486206,9.003047466278076,31.038460731506348,-4.577636492086867e-09,-2.4414061883248905e-08,1.0670415163040161,0.3130730390548706,0.017565768212080002,0.11404728889465332,0.29340285062789917,1.0
24.582732787862774,193.18,1000.0,54,1080000,0.005609358195215464,0.02750361890051585,4.955640719954375,-0.0198032408952713,22.4690580368042,9.020322322845459,31.48939538002014,-1.3732909920349812e-08,0.0,0.9707486629486084,0.293029248714447,0.021223459392786026,0.13461625576019287,0.3018590211868286,1.0
24.338478229222467,208.88599999999997,1000.0,55,1100000,0.005511334631592035,0.02913868581033816,4.555608250077363,-0.02020261250436306,21.83280110359192,9.105554342269897,30.938371181488037,-1.5258788677030566e-09,-1.831054596834747e-08,0.962551474571228,0.30069074034690857,0.021586481481790543,0.12390211969614029,0.3123892843723297,1.0
24.47621824055018,204.55399999999997,1000.0,56,1120000,0.005199591163545847,0.029850411122059745,4.349083727788014,-0.018427927047014236,22.6729896068573,9.083143472671509,31.75614094734192,-4.577636492086867e-09,-1.2207030941624453e-08,1.0695217847824097,0.3074786961078644,0.0174843892455101,0.11315356194972992,0.2874917685985565,1.0
24.875122132203664,184.056,1000.0,57,1140000,0.004977775737643242,0.025427769874904756,4.194128337331638,-0.018087318167090416,21.700355052947998,9.15151572227478,30.851900100708008,7.438659466174613e-09,3.356933575560106e-08,1.059820294380188,0.3221276104450226,0.017805954441428185,0.1145964115858078,0.30394548177719116,1.0
25.44296067742654,176.502,1000.0,58,1160000,0.004987071268260479,0.026038038960782585,4.602452174569391,-0.01931886561214924,21.200680255889893,8.910795211791992,30.11149263381958,3.051757735406113e-09,6.103515470812226e-09,1.0193485021591187,0.32299843430519104,0.01924794539809227,0.12972350418567657,0.31686753034591675,1.0
25.770975949502407,179.613,1000.0,59,1180000,0.004532920196652412,0.025000638737800014,5.183621355530563,-0.018443770706653595,21.10207200050354,9.02750563621521,30.129592180252075,-4.386901952813105e-09,1.2207030941624453e-08,1.0799611806869507,0.3265266418457031,0.017148001119494438,0.10776402801275253,0.30235037207603455,1.0
25.714086368756575,203.83899999999997,1000.0,60,1200000,0.004898150451481342,0.023465664349615004,5.386882544474997,-0.019187789410352707,20.905487060546875,9.1535005569458,30.05899739265442,6.103515470812226e-09,-4.882812376649781e-08,1.0083380937576294,0.31856152415275574,0.01967059075832367,0.13022905588150024,0.31592729687690735,1.0
25.405111921103718,216.58899999999994,1000.0,61,1220000,0.004319475498050451,0.025054591191802054,5.3471525856643725,-0.020653873682022095,21.605867385864258,8.937240600585938,30.543124437332153,-2.2888182460434336e-09,3.662109193669494e-08,1.017652988433838,0.3325209319591522,0.019312135875225067,0.11903811991214752,0.32675275206565857,1.0
25.49025004032471,213.94,1000.0,62,1240000,0.005626512225717306,0.027772091219949113,5.525973566018852,-0.021182145923376083,21.2660493850708,9.045611143112183,30.311676502227783,3.051757735406113e-09,2.4414061883248905e-08,0.9355610609054565,0.3047645688056946,0.02284996584057808,0.1497713327407837,0.32575592398643494,1.0
25.506802682359655,210.746,1000.0,63,1260000,0.005160192493349314,0.026150423250973793,5.329579460924598,-0.020878765732049942,21.237919092178345,8.956525564193726,30.1944580078125,-6.103515470812226e-09,2.4414061883248905e-08,1.0189696550369263,0.3094099462032318,0.01926226168870926,0.12615223228931427,0.30364981293678284,1.0
24.876829271602254,215.58700000000005,1000.0,64,1280000,0.005295142997056246,0.02942836177031136,5.291250456518428,-0.020620595663785934,21.499757051467896,8.988797187805176,30.48856806755066,-1.5258788677030566e-09,1.2207030941624453e-08,1.0408470630645752,0.31323155760765076,0.01846102997660637,0.11287566274404526,0.30093908309936523,1.0
24.680081797796483,216.663,1000.0,65,1300000,0.00425187312066555,0.02794897103100825,5.615340719708971,-0.02118845097720623,21.219979763031006,9.042174577713013,30.262168169021606,3.051757735406113e-09,1.525878801089675e-08,0.9807046055793762,0.3373384177684784,0.020794734358787537,0.10371192544698715,0.34397557377815247,1.0
24.875304914073517,213.13999999999996,1000.0,66,1320000,0.005012140609323978,0.026054288790958703,5.14051650899231,-0.021456629037857056,21.329972743988037,8.901808500289917,30.231794118881226,5.340575981449547e-09,3.662109193669494e-08,0.9394927620887756,0.3126958906650543,0.022659115493297577,0.11849110573530197,0.33283481001853943,1.0
25.485887484540825,203.76999999999998,1000.0,67,1340000,0.004660239443182945,0.02712990254946765,4.722812026549297,-0.019539065659046173,21.815645456314087,9.09875750541687,30.91442084312439,5.340575981449547e-09,0.0,1.0367587804794312,0.3248203694820404,0.018606912344694138,0.1067158654332161,0.31330370903015137,1.0
25.91013554385113,195.94099999999997,1000.0,68,1360000,0.004928181879222393,0.02657141602912526,4.971926826276597,-0.0219816192984581,21.977039337158203,8.809196949005127,30.78624176979065,-1.5258788677030566e-09,-3.662109193669494e-08,0.9367519617080688,0.32011958956718445,0.022791901603341103,0.11196794360876083,0.34173357486724854,1.0
25.88474851670054,208.103,1000.0,69,1380000,0.00444954726845026,0.026676639216910502,4.898366600464863,-0.0187175702303648,22.39919877052307,9.022113561630249,31.421327590942383,1.5258788677030566e-09,3.662109193669494e-08,1.0620087385177612,0.3299058973789215,0.0177326463162899,0.10358915477991104,0.3106432855129242,1.0
25.78902556817716,218.132,1000.0,70,1400000,0.005002040881663561,0.025034468995917374,4.819507201082388,-0.01951008103787899,21.97377896308899,9.010550260543823,30.984344244003296,5.960464122267695e-09,-3.05175760217935e-08,0.994147777557373,0.3146444857120514,0.020236151292920113,0.13814136385917664,0.31649667024612427,1.0
25.146201100228033,212.57399999999998,1000.0,71,1420000,0.005327621474862099,0.029566570857812644,4.792908499119388,-0.022433944046497345,22.721211194992065,8.796812295913696,31.51803994178772,-3.051757735406113e-09,3.662109193669494e-08,0.9202610850334167,0.3080507218837738,0.02361607365310192,0.1568116694688797,0.3347427546977997,1.0
25.23481973979879,202.33599999999998,1000.0,72,1440000,0.0051582870073616505,0.026634875326684328,4.8692678421166296,-0.02161703072488308,22.423608779907227,8.949097633361816,31.372716426849365,1.5258788677030566e-09,-3.662109193669494e-08,0.92520672082901,0.31039348244667053,0.023364270105957985,0.16346712410449982,0.335485577583313,1.0
25.22628544193403,189.55599999999998,1000.0,73,1460000,0.005515956785529852,0.0317466029375317,4.52146283205907,-0.021419649943709373,21.878413438796997,8.969713687896729,30.848142623901367,-9.155272984173735e-09,-2.1362303925798187e-08,0.9127177000045776,0.2994619905948639,0.024008048698306084,0.13827496767044067,0.32809925079345703,1.0
25.279390549641523,173.49,1000.0,74,1480000,0.004651747178286314,0.029277747289342865,4.835199176429943,-0.01986628584563732,22.610143184661865,8.844254493713379,31.454413414001465,-2.2888182460434336e-09,-2.4414061883248905e-08,0.967760443687439,0.32527580857276917,0.021354729309678078,0.12269262969493866,0.3361119031906128,1.0
25.51580641448267,181.524,1000.0,75,1500000,0.005414392799139023,0.02767457541102057,4.548195840294953,-0.019178835675120354,22.179662466049194,9.045398712158203,31.22507381439209,1.5258788677030566e-09,-2.4414061883248905e-08,1.0418758392333984,0.30444270372390747,0.018424589186906815,0.11787950992584229,0.2922063171863556,1.0
25.014270519895206,209.1,1000.0,76,1520000,0.004835403990000486,0.026628150534667785,4.880701459289356,-0.021375861018896103,22.162446975708008,8.907456874847412,31.069923400878906,-6.103515470812226e-09,-3.662109193669494e-08,0.9297032952308655,0.320709228515625,0.02313881367444992,0.13243468105793,0.34495869278907776,1.0
24.99616391925117,207.90300000000002,1000.0,77,1540000,0.005021499469876289,0.02544866189669082,4.643306962547788,-0.020498748868703842,22.53665852546692,8.914390087127686,31.45107388496399,-2.2888182460434336e-09,8.544921570319275e-08,0.9640707969665527,0.3181500732898712,0.021518496796488762,0.13433414697647095,0.3300069272518158,1.0
24.841180604757756,193.67000000000002,1000.0,78,1560000,0.004933549556881189,0.02697285131260658,4.3792870690108865,-0.020688673481345177,22.124510526657104,9.37345552444458,31.49798893928528,-3.051757735406113e-09,-8.544921570319275e-08,0.9546725153923035,0.3202516436576843,0.021944262087345123,0.12015780806541443,0.33545705676078796,1.0
24.612335281319663,197.756,1000.0,79,1580000,0.0052009825594723225,0.028681038359215684,5.405470351352813,-0.022702714428305626,22.46871256828308,8.833242893218994,31.301971912384033,9.155272984173735e-09,2.7465819840699623e-08,0.8499701023101807,0.3032146096229553,0.027683597058057785,0.15475691854953766,0.35673561692237854,1.0
24.433025885173144,213.89500000000004,1000.0,80,1600000,0.005364552140235901,0.03370724100216179,4.964372121832174,-0.020613234490156174,22.31613826751709,9.119350671768188,31.435615301132202,0.0,2.5939939973795845e-08,0.9658748507499695,0.30591434240341187,0.02143818885087967,0.1427229940891266,0.3167225420475006,1.0
24.426311630309694,206.689,1000.0,81,1620000,0.0047371056862175465,0.031584403689974436,4.47499378107156,-0.02097092755138874,23.97489905357361,9.463787317276001,33.43877649307251,-5.340575981449547e-09,-2.4414061883248905e-08,0.9267795085906982,0.32126525044441223,0.023285038769245148,0.12136988341808319,0.34664690494537354,1.0
24.595795844181417,195.853,1000.0,82,1640000,0.004884809721261263,0.027682954570053108,4.579233318453382,-0.021923961117863655,22.77412486076355,8.847383737564087,31.621524333953857,-4.577636492086867e-09,3.05175760217935e-08,0.8542624115943909,0.318562775850296,0.027406102046370506,0.15719249844551086,0.3729097545146942,1.0
24.799373268015255,194.44700000000003,1000.0,83,1660000,0.005258474033325911,0.029661177853300313,4.5345932012151,-0.022928383201360703,22.154671669006348,9.049498558044434,31.204185724258423,-7.629394338515283e-10,-1.098632793627985e-07,0.9037907719612122,0.31720373034477234,0.024484656751155853,0.11482390016317368,0.3509702980518341,1.0
25.43378106534233,186.36200000000002,1000.0,84,1680000,0.004666836466640234,0.026576373195809543,4.963608741608395,-0.018806520849466324,22.312809228897095,8.92361569404602,31.236440896987915,-2.2888182460434336e-09,-7.476806729300733e-08,1.029995322227478,0.32770535349845886,0.018852077424526215,0.1273810714483261,0.3181619942188263,1.0
25.7343360098506,194.589,1000.0,85,1700000,0.005310055334120989,0.02618361742229788,4.786929381425214,-0.02060690149664879,22.727057933807373,9.357148170471191,32.08422255516052,-3.051757735406113e-09,3.05175760217935e-08,0.9524450302124023,0.3070858418941498,0.022047022357583046,0.1297084540128708,0.3224184513092041,1.0
25.5939289672924,200.90800000000002,1000.0,86,1720000,0.004794303793460131,0.02780254659284452,4.796115524677714,-0.02044757269322872,22.206677436828613,9.079654693603516,31.286348581314087,3.051757735406113e-09,-6.1035152043587e-08,0.9387412071228027,0.3215297758579254,0.02269541099667549,0.12085757404565811,0.3425116240978241,1.0
25.125909482371316,194.096,1000.0,87,1740000,0.005277991760522127,0.028927251012034857,4.375828655054614,-0.02227265201508999,22.237863302230835,8.986233234405518,31.22411012649536,-6.103515470812226e-09,-1.831054596834747e-08,0.9195960164070129,0.3127710521221161,0.023650243878364563,0.11934445053339005,0.340117871761322,1.0
25.399544968497203,185.902,1000.0,88,1760000,0.00429004430770874,0.024518947128894603,4.824545070547966,-0.019190212711691856,22.711978673934937,9.014710187911987,31.726704359054565,4.577636492086867e-09,1.525878801089675e-08,0.9426369667053223,0.33389508724212646,0.022508205845952034,0.12172172963619232,0.3542138338088989,1.0
25.8057114574558,195.35500000000002,1000.0,89,1780000,0.004675825592130423,0.02680339358367358,4.943227125353115,-0.021821843460202217,22.134913682937622,9.12719202041626,31.26211929321289,-1.907348501362094e-09,-6.408691177739456e-08,0.9267089366912842,0.32910552620887756,0.023288583382964134,0.11269798129796982,0.35513365268707275,1.0
25.888012064576277,198.244,1000.0,90,1800000,0.005138694774359465,0.022819243574360753,4.298038642042002,-0.0219231266528368,22.45570182800293,8.934888362884521,31.390605926513672,-6.866454960174906e-09,-3.051757735406113e-09,0.8737809062004089,0.3163730800151825,0.026195380836725235,0.12169108539819717,0.36207371950149536,1.0
25.555601549061898,187.72,1000.0,91,1820000,0.004762975033372641,0.02589482588539268,4.721001037746478,-0.02083154395222664,22.48926877975464,9.097818851470947,31.58710503578186,5.340575981449547e-09,-8.85009754370003e-08,0.9350666999816895,0.3218693435192108,0.0228741317987442,0.10480179637670517,0.34422072768211365,1.0
25.64865557288274,186.776,1000.0,92,1840000,0.00484188599511981,0.025097232647714723,4.445513619966568,-0.020586319267749786,22.158162832260132,8.897443056106567,31.05561876296997,-4.577636492086867e-09,8.85009754370003e-08,0.9687792658805847,0.320004403591156,0.021309835836291313,0.12037073075771332,0.3303171396255493,1.0
25.96491271469718,184.35000000000002,1000.0,93,1860000,0.005113305989652872,0.026408239589280385,4.596507816178025,-0.020732354372739792,22.490702629089355,8.96293830871582,31.453657865524292,-4.959106458812812e-09,-6.103515470812226e-09,0.9517806172370911,0.3095282018184662,0.022077813744544983,0.1213700994849205,0.3252096176147461,1.0
25.913318603107836,178.469,1000.0,94,1880000,0.004922565072774887,0.023476081786404368,4.579373623383273,-0.021810775622725487,22.233543395996094,9.09388279914856,31.327439546585083,3.051757735406113e-09,-2.7465819840699623e-08,0.8926525115966797,0.32012346386909485,0.0250994935631752,0.13756780326366425,0.35862046480178833,1.0
25.810471723231302,186.00799999999998,1000.0,95,1900000,0.004857443273067474,0.022551533947016592,4.97879717213333,-0.021908769384026527,22.072422742843628,9.034128665924072,31.106639862060547,0.0,3.662109193669494e-08,0.9167320132255554,0.32539311051368713,0.023798249661922455,0.11863193660974503,0.3549489974975586,1.0
25.79920398201952,203.326,1000.0,96,1920000,0.005108575336635113,0.02185083506569551,4.986066241552876,-0.023066777735948563,22.58800959587097,8.907220602035522,31.495248079299927,7.629394338515283e-10,-5.187987994759169e-08,0.8173466324806213,0.3131457269191742,0.0299376230686903,0.15113189816474915,0.3831247389316559,1.0
25.874260325097264,209.49699999999999,1000.0,97,1940000,0.00498996302485466,0.024060192024394585,5.026831733724873,-0.022006381303071976,22.29109525680542,9.232704639434814,31.52390146255493,4.577636492086867e-09,-5.493163968139925e-08,0.8922370672225952,0.31904545426368713,0.02512287348508835,0.12659110128879547,0.3575792610645294,1.0
26.142016518078215,196.61499999999998,1000.0,98,1960000,0.004925840068608522,0.021721817036366955,5.2206368635414515,-0.022021114826202393,22.257575511932373,8.928534507751465,31.18618869781494,-1.2207030941624453e-08,4.2724607851596375e-08,0.8565055727958679,0.3251907229423523,0.027262739837169647,0.15129472315311432,0.37967145442962646,1.0
26.098160104431116,185.4,1000.0,99,1980000,0.0053140162490308285,0.022992327257658644,4.818504016490499,-0.022515879943966866,22.511325359344482,8.832555532455444,31.34390616416931,-9.155272984173735e-09,3.05175760217935e-08,0.8079630732536316,0.29456767439842224,0.030637040734291077,0.1605074107646942,0.3645806312561035,1.0
25.58825002716329,194.55299999999997,1000.0,100,2000000,0.004512900020927191,0.025493622236665646,4.580739307555423,-0.020990686491131783,21.99408745765686,9.203147411346436,31.19724941253662,3.051757735406113e-09,3.662109193669494e-08,0.9186126589775085,0.3320988714694977,0.023700905963778496,0.10827659070491791,0.36152222752571106,1.0
25.408170216359096,198.816,1000.0,101,2020000,0.004748606588691473,0.023778053498263382,5.117144407132629,-0.024190330877900124,22.332084894180298,9.151342391967773,31.483434438705444,9.155272984173735e-09,-1.831054596834747e-08,0.8504979610443115,0.3209570348262787,0.027649246156215668,0.16799603402614594,0.37737545371055603,1.0
25.74379863208556,197.72700000000003,1000.0,102,2040000,0.004577665589749813,0.02494072076585737,5.187625003468459,-0.021812306717038155,22.734320878982544,8.801054954528809,31.535390853881836,2.6702879907247734e-09,9.155272984173735e-09,0.9098024964332581,0.3320537209510803,0.02416215091943741,0.12158649414777756,0.36497342586517334,1.0
25.827597400173147,201.93699999999998,1000.0,103,2060000,0.004884141962975264,0.02414023771371906,5.510526606991033,-0.020086059346795082,22.16361904144287,9.077036380767822,31.240671157836914,3.051757735406113e-09,-9.155272984173735e-09,0.9612225294113159,0.3242701590061188,0.02164621278643608,0.14279243350028992,0.33735179901123047,1.0
25.613806154300125,202.16699999999997,1000.0,104,2080000,0.005134603939950466,0.025068513556104746,5.371450077044736,-0.020391976460814476,22.270176649093628,8.95285701751709,31.223051071166992,8.01086397217432e-09,-1.0681151962899094e-08,0.940249502658844,0.312698632478714,0.02262265607714653,0.1358199268579483,0.33256983757019043,1.0
25.87326618368108,191.26600000000002,1000.0,105,2100000,0.00503274891525507,0.02100436072322024,5.6668912322657885,-0.02159752883017063,22.42717981338501,9.19585919380188,31.62305450439453,1.5258788677030566e-09,-3.662109193669494e-08,0.881488561630249,0.3147988021373749,0.025739284232258797,0.14107370376586914,0.35712185502052307,1.0
26.186149027983056,191.46300000000002,1000.0,106,2120000,0.005194974597543478,0.022570078092728072,5.362885825041753,-0.023665521293878555,22.1637442111969,9.041952848434448,31.205708980560303,4.577636492086867e-09,-3.204345588869728e-08,0.8249742388725281,0.3175414800643921,0.029386581853032112,0.13172346353530884,0.3849107623100281,1.0
26.498043405821267,188.736,1000.0,107,2140000,0.00505911884829402,0.020325549022786937,5.119141467057975,-0.023219946771860123,22.73599600791931,8.858257532119751,31.594268798828125,-3.051757735406113e-09,-4.2724607851596375e-08,0.889655351638794,0.3225312829017639,0.02526889368891716,0.12283805757761002,0.3625350892543793,1.0
26.29809281387379,188.198,1000.0,108,2160000,0.005012447014451027,0.0250232244468039,5.098913345898792,-0.024728966876864433,22.386840105056763,9.03316068649292,31.420012712478638,-1.5258788677030566e-09,-3.05175760217935e-08,0.7809379696846008,0.3167440593242645,0.032794177532196045,0.1735091358423233,0.4055944085121155,1.0
25.98637545955765,202.25199999999998,1000.0,109,2180000,0.004911891650408506,0.022531065815810564,5.184439951902742,-0.02391386590898037,22.153002500534058,8.976037740707397,31.129056930541992,4.577636492086867e-09,-5.7983395862493126e-08,0.8493277430534363,0.32271668314933777,0.02772548794746399,0.155231311917305,0.37996718287467957,1.0
26.11437942844565,210.47899999999998,1000.0,110,2200000,0.005294743925333023,0.024107551740802778,5.073445240859013,-0.025616494938731194,22.609428882598877,9.101812839508057,31.711278438568115,3.051757735406113e-09,1.2207030941624453e-08,0.7502627968788147,0.3046625852584839,0.03553064167499542,0.16153575479984283,0.40607449412345886,1.0
26.116682251224546,208.382,1000.0,111,2220000,0.005444405134767294,0.024285147667737903,4.824702475253184,-0.024295061826705933,22.151415586471558,9.118189573287964,31.269635915756226,-3.051757735406113e-09,7.934570334100499e-08,0.7497541308403015,0.30486196279525757,0.03557886555790901,0.18012486398220062,0.4066159129142761,1.0
26.199997053925216,193.45,1000.0,112,2240000,0.004724363796412945,0.022232056439373715,4.739011216998859,-0.023986691609025,22.37340784072876,8.88230586051941,31.2557270526886,0.0,-3.051757735406113e-09,0.7902234196662903,0.3262929320335388,0.032028019428253174,0.17034222185611725,0.4129122495651245,1.0
26.204194749525413,191.22500000000002,1000.0,113,2260000,0.0055473740212619305,0.02117807646430317,4.946352267493109,-0.025227874517440796,22.529386281967163,9.040957927703857,31.57036256790161,1.5258788677030566e-09,-2.1362303925798187e-08,0.6769678592681885,0.2863856852054596,0.04364090412855148,0.17348283529281616,0.42304179072380066,1.0
26.226546804328205,208.296,1000.0,114,2280000,0.004936138167977333,0.021277395251450264,5.033925093511107,-0.02632150426506996,22.068894624710083,9.086334466934204,31.155242443084717,0.0,-2.1362303925798187e-08,0.8196256160736084,0.31841960549354553,0.029771368950605392,0.1780032217502594,0.38849398493766785,1.0
26.06235614054389,213.85400000000004,1000.0,115,2300000,0.00496593676507473,0.024714803868892847,4.713106488498153,-0.02386118471622467,22.641376495361328,9.147777557373047,31.78917121887207,9.155272984173735e-09,9.765624753299562e-08,0.8243507146835327,0.31158626079559326,0.02943105436861515,0.1653539538383484,0.37797775864601135,1.0
26.156230732735814,213.359,1000.0,116,2320000,0.005066108424216509,0.023037452170637192,5.344508447009287,-0.023656463250517845,22.231930255889893,9.143296003341675,31.375243186950684,-1.9073485846288207e-10,-6.1035152043587e-08,0.8143776059150696,0.318484365940094,0.03015631064772606,0.16086728870868683,0.39107704162597656,1.0
26.008035904879318,201.89299999999997,1000.0,117,2340000,0.005341597832739353,0.024680950945824575,4.998904605276266,-0.023460473865270615,22.26329755783081,9.486680030822754,31.749986171722412,1.5258788677030566e-09,-6.103515470812226e-09,0.8233239054679871,0.3065883219242096,0.029504509642720222,0.15120132267475128,0.37237873673439026,1.0
25.7589582790988,193.84,1000.0,118,2360000,0.004612644203007221,0.024355922123879954,4.589552128846479,-0.022496646270155907,20.56807279586792,9.420774221420288,29.988863468170166,-2.2888182460434336e-09,2.4414061883248905e-08,0.8547478914260864,0.3313862681388855,0.027374979108572006,0.13229505717754364,0.3877005875110626,1.0
25.480013950801926,200.306,1000.0,119,2380000,0.0047491067089140415,0.025838370222574587,5.36486042274791,-0.022958343848586082,20.35090684890747,14.691910743713379,35.04283404350281,7.629394005448376e-09,6.103515470812226e-09,0.8467967510223389,0.32676029205322266,0.027891475707292557,0.1363515853881836,0.3858780562877655,1.0
25.51086306484557,204.181,1000.0,120,2400000,0.004920380190014839,0.026439878569951482,4.81818199719593,-0.023825038224458694,20.34150767326355,11.202604055404663,31.544124126434326,-1.5258788677030566e-09,-2.8991697931246563e-08,0.7945551872253418,0.3181157410144806,0.03167974576354027,0.1512717455625534,0.4003695845603943,1.0
25.434958047110985,197.78799999999998,1000.0,121,2420000,0.004765952937304974,0.02707668029626084,5.105684579405815,-0.024464556947350502,20.43109440803528,10.680935144424438,31.11204433441162,-6.103515470812226e-09,-1.678466787780053e-08,0.8263282179832458,0.32531535625457764,0.02929035946726799,0.15171733498573303,0.39368781447410583,1.0
25.55718210432601,185.936,1000.0,122,2440000,0.005266085732728243,0.02777892911011816,4.739123511694039,-0.026033727452158928,19.85067057609558,11.417189121246338,31.267921924591064,7.629394338515283e-10,-6.713867151120212e-08,0.7815279960632324,0.3078167736530304,0.03274467960000038,0.18242187798023224,0.39386534690856934,1.0
25.829236030659285,198.815,1000.0,123,2460000,0.0046201711520552635,0.026074950006689614,4.955532632739681,-0.023377439007163048,20.20421814918518,9.770454168319702,29.974689483642578,6.103515470812226e-09,3.051757735406113e-09,0.8177218437194824,0.3245749771595001,0.02991015464067459,0.13769039511680603,0.3969258964061737,1.0
25.909812604956517,195.023,1000.0,124,2480000,0.004918133374303579,0.023844164969387707,4.743983516799417,-0.028317656368017197,24.802319765090942,14.777302026748657,39.57962727546692,6.103515470812226e-09,6.103515470812226e-09,0.7298190593719482,0.31549549102783203,0.03754909336566925,0.21045337617397308,0.43229275941848755,1.0
25.998620258088845,184.118,1000.0,125,2500000,0.004717585165053606,0.023444777778142196,4.883910989609493,-0.022977491840720177,23.5621600151062,9.129142761230469,32.69131588935852,-8.392333938900265e-09,-3.662109193669494e-08,0.8180990815162659,0.32026246190071106,0.029882576316595078,0.15669825673103333,0.3914714753627777,1.0
26.241680426734302,184.859,1000.0,126,2520000,0.0048925611190497875,0.021924447437902544,4.938214673661882,-0.022634293884038925,22.699840307235718,8.992509841918945,31.69235610961914,8.392333938900265e-09,-6.1035152043587e-08,0.8422508239746094,0.31891995668411255,0.028193367645144463,0.17796528339385986,0.37865200638771057,1.0
26.312327484312117,196.58999999999997,1000.0,127,2540000,0.004911059979349375,0.02297690944378353,4.8235981724064825,-0.0238308347761631,23.17072606086731,9.437478303909302,32.60821175575256,0.0,-2.4414061883248905e-08,0.8324449062347412,0.325536847114563,0.028861496597528458,0.1426798701286316,0.3910611569881439,1.0
25.767634726371035,201.68200000000002,1000.0,128,2560000,0.0048896996304392815,0.024031283905148318,4.906923935519662,-0.023439006879925728,22.635647773742676,9.145546197891235,31.781200647354126,4.959106458812812e-09,3.05175760217935e-08,0.8195421695709229,0.31897473335266113,0.02977742999792099,0.14841392636299133,0.38921087980270386,1.0
24.981728438721554,205.379,1000.0,129,2580000,0.005227975081652403,0.027081566332441985,4.775272063996382,-0.02313278056681156,22.924768209457397,9.643990993499756,32.56877017021179,-1.5258788677030566e-09,-6.1035152043587e-08,0.8454775810241699,0.3074601888656616,0.027978578582406044,0.1354147493839264,0.36365267634391785,1.0
25.19245110048996,200.235,1000.0,130,2600000,0.004903435241430998,0.024882769883034905,4.736210653204827,-0.04832252860069275,22.941795825958252,9.321969270706177,32.26378846168518,-1.5258788677030566e-09,3.356933575560106e-08,0.7521220445632935,0.31273341178894043,0.03535519540309906,0.17235197126865387,0.41580140590667725,1.0
25.613836481414324,181.78000000000003,1000.0,131,2620000,0.005268128123134375,0.021227094608175148,4.600843942620951,-0.029507769271731377,22.63334035873413,9.032435178756714,31.665791749954224,1.0681151962899094e-08,1.2207030941624453e-08,0.7267369627952576,0.30959975719451904,0.03786826133728027,0.21745091676712036,0.4260134994983673,1.0
25.780580612083508,185.66699999999997,1000.0,132,2640000,0.0057596671395003796,0.019275919311816336,5.066673362027308,-0.023388829082250595,23.148574590682983,9.193155527114868,32.34176731109619,3.051757735406113e-09,-4.882812376649781e-08,0.841472864151001,0.2963665723800659,0.028245525434613228,0.17233599722385406,0.3521997928619385,1.0
25.917414504931656,200.079,1000.0,133,2660000,0.0047838338650763035,0.02442938230136872,4.867809977956639,-0.025342680513858795,22.54816460609436,9.081202507019043,31.629420280456543,-1.5258788677030566e-09,-4.882812376649781e-08,0.8034986257553101,0.3237159252166748,0.03097844123840332,0.15894946455955505,0.40288296341896057,1.0
25.58437252969016,215.135,1000.0,134,2680000,0.0051966398023068905,0.022537121640008158,4.521377408656345,-0.02327929623425007,23.137263774871826,8.975219249725342,32.112504959106445,2.2888182460434336e-09,1.831054596834747e-08,0.8350735902786255,0.3111030161380768,0.02868007682263851,0.17489144206047058,0.37254562973976135,1.0
25.216135289470525,211.988,1000.0,135,2700000,0.0049379738047719,0.025279480952081407,4.879513103491182,-0.025227591395378113,22.936098098754883,9.113183498382568,32.049296140670776,-3.051757735406113e-09,3.662109193669494e-08,0.7959691286087036,0.3238360285758972,0.0315672941505909,0.1407402604818344,0.40684494376182556,1.0
24.996421403049194,207.10399999999998,1000.0,136,2720000,0.005591312889009714,0.02532837063513079,4.988591610398262,-0.025584664195775986,22.809180736541748,9.147839307785034,31.957035779953003,-4.577636492086867e-09,-6.713867151120212e-08,0.772252082824707,0.30147477984428406,0.03353602811694145,0.19336393475532532,0.39038389921188354,1.0
24.928146894849085,211.82999999999998,1000.0,137,2740000,0.005396346561610699,0.028445362936776533,4.6062838790523015,-0.025451676920056343,23.01433801651001,8.899585723876953,31.91394066810608,1.5258788677030566e-09,1.2207030941624453e-08,0.7260326743125916,0.30377957224845886,0.037941765040159225,0.1719137281179428,0.4184103012084961,1.0
25.007402646904026,205.243,1000.0,138,2760000,0.004943992476910353,0.027374856872780687,4.58761260061507,-0.025378920137882233,22.900753021240234,9.123320579528809,32.02409052848816,-7.629394338515283e-10,6.103515470812226e-09,0.7620858550071716,0.3199436366558075,0.03443673998117447,0.1810738891363144,0.4198262393474579,1.0
24.996493035201848,192.805,1000.0,139,2780000,0.005236377473920584,0.025839073498063025,4.372431413990677,-0.028655748814344406,22.57461428642273,8.963762521743774,31.538383722305298,0.0,-6.713867151120212e-08,0.7602088451385498,0.3066932260990143,0.03460700809955597,0.1587945818901062,0.40343284606933594,1.0
25.504552375986496,178.995,1000.0,140,2800000,0.004826272372156382,0.030027887137357597,4.329888424827795,-0.024781621992588043,23.035480976104736,9.136102437973022,32.17160487174988,-1.907348501362094e-09,4.730224389959403e-08,0.7775243520736694,0.32401227951049805,0.03308276832103729,0.18166238069534302,0.41672301292419434,1.0
25.714166776903788,195.588,1000.0,141,2820000,0.004682138096541166,0.023615828396123684,4.8135754150190175,-0.025166835635900497,22.566906929016113,8.913851976394653,31.480778455734253,-6.866454960174906e-09,4.2724607851596375e-08,0.7983798384666443,0.3244502544403076,0.031376950442790985,0.1869763731956482,0.4063858389854431,1.0
25.562891564829492,211.702,1000.0,142,2840000,0.005342787131667137,0.02335159327645021,4.977092395314745,-0.02469797618687153,23.31269359588623,9.079106569290161,32.391807079315186,-7.629394005448376e-09,0.0,0.7797937393188477,0.3100169897079468,0.03289049118757248,0.17130331695079803,0.39756283164024353,1.0
25.553825412149138,199.655,1000.0,143,2860000,0.0056630573235452175,0.024998052221289865,4.569220791880492,-0.02926846779882908,22.991320848464966,9.259083986282349,32.250449895858765,-4.577636492086867e-09,-7.324218387338988e-08,0.7419725060462952,0.2996627390384674,0.03632906451821327,0.19658884406089783,0.40387311577796936,1.0
25.581731085325806,186.178,1000.0,144,2880000,0.005008284002542496,0.022636116940267147,5.0154112981383205,-0.024631816893815994,22.741353034973145,8.95737910270691,31.69874596595764,-3.051757735406113e-09,3.05175760217935e-08,0.7950760126113892,0.3141029477119446,0.0316382572054863,0.1418374478816986,0.395060271024704,1.0
26.186262645376722,187.682,1000.0,145,2900000,0.005021270830184221,0.02167755002927059,4.672926709758248,-0.023662736639380455,23.0152006149292,9.083070993423462,32.098345041275024,4.577636492086867e-09,3.05175760217935e-08,0.8287067413330078,0.31957900524139404,0.02912246063351631,0.15939582884311676,0.3856358230113983,1.0
26.49335953321245,186.872,1000.0,146,2920000,0.0052011506631970406,0.022080602544911537,4.5940205254372515,-0.027625612914562225,22.665508031845093,9.186098575592041,31.851686477661133,2.2888182460434336e-09,-1.3427734302240424e-07,0.781337559223175,0.3135828673839569,0.03276064619421959,0.1454697549343109,0.40134111046791077,1.0
26.179792414900657,172.69099999999997,1000.0,147,2940000,0.00532569782808423,0.02133439775425822,4.482979918892976,-0.025603923946619034,23.164220094680786,8.869505643844604,32.03374099731445,-7.629394005448376e-09,-1.2207030941624453e-08,0.7562873363494873,0.30822792649269104,0.03496682271361351,0.21268798410892487,0.4075540006160736,1.0
25.681141832764258,179.17,1000.0,148,2960000,0.00594229344278574,0.022990643231874438,4.940002854918219,-0.029009172692894936,22.919761180877686,9.136666774749756,32.056466817855835,-1.1444091896350983e-08,1.678466787780053e-08,0.725225567817688,0.2873256504535675,0.03802626579999924,0.2281416356563568,0.396187961101532,1.0
25.292274399409933,196.07400000000004,1000.0,149,2980000,0.005275386851280928,0.027499387928160132,4.59249938604938,-0.025518206879496574,22.780213356018066,8.969483375549316,31.749711751937866,1.5258788677030566e-09,6.103515470812226e-09,0.7635944485664368,0.304965078830719,0.034300804138183594,0.17035779356956482,0.3993809223175049,1.0
25.07076756237337,205.73499999999999,1000.0,150,3000000,0.005351837258785963,0.026614752888774417,4.84577282386221,-0.027809694409370422,23.231348752975464,9.59264063835144,32.82403087615967,6.866454960174906e-09,-4.882812376649781e-08,0.6892175674438477,0.2992761433124542,0.04210340604186058,0.18151399493217468,0.4342259466648102,1.0
